record_id,path,state,locale,resolution,slot_1_agent,slot_2_agent,slot_3_agent,unknown_flag,reviewer,notes
live-session_1772677147-000000,D:\IKA_DATA\cv\raw\live\session_1772677147\session_1772677147_000000.jpg,inrun,RU,1080p,agent_vivian,unknown,unknown,true,,
live-session_1772677147-000001,D:\IKA_DATA\cv\raw\live\session_1772677147\session_1772677147_000001.jpg,inrun,RU,1080p,agent_vivian,unknown,unknown,true,,
live-session_1772677147-000002,D:\IKA_DATA\cv\raw\live\session_1772677147\session_1772677147_000002.jpg,inrun,RU,1080p,agent_lycaon,unknown,unknown,true,,
live-session_1772677147-000003,D:\IKA_DATA\cv\raw\live\session_1772677147\session_1772677147_000003.jpg,inrun,RU,1080p,unknown,unknown,unknown,true,,
live-session_1772677147-000004,D:\IKA_DATA\cv\raw\live\session_1772677147\session_1772677147_000004.jpg,inrun,RU,1080p,agent_lycaon,unknown,unknown,true,,
live-session_1772677147-000005,D:\IKA_DATA\cv\raw\live\session_1772677147\session_1772677147_000005.jpg,inrun,RU,1080p,agent_vivian,unknown,unknown,true,,
live-session_1772677147-000006,D:\IKA_DATA\cv\raw\live\session_1772677147\session_1772677147_000006.jpg,inrun,RU,1080p,agent_vivian,unknown,unknown,true,,
live-session_1772677147-000007,D:\IKA_DATA\cv\raw\live\session_1772677147\session_1772677147_000007.jpg,inrun,RU,1080p,agent_lycaon,unknown,unknown,true,,
live-session_1772677147-000008,D:\IKA_DATA\cv\raw\live\session_1772677147\session_1772677147_000008.jpg,inrun,RU,1080p,agent_lycaon,unknown,unknown,true,,
live-session_1772677147-000009,D:\IKA_DATA\cv\raw\live\session_1772677147\session_1772677147_000009.jpg,inrun,RU,1080p,unknown,unknown,unknown,true,,
live-session_1772677147-000010,D:\IKA_DATA\cv\raw\live\session_1772677147\session_1772677147_000010.jpg,inrun,RU,1080p,agent_lycaon,unknown,unknown,true,,
live-session_1772677147-000011,D:\IKA_DATA\cv\raw\live\session_1772677147\session_1772677147_000011.jpg,inrun,RU,1080p,agent_lycaon,agent_vivian,unknown,true,,
live-session_1772677147-000012,D:\IKA_DATA\cv\raw\live\session_1772677147\session_1772677147_000012.jpg,inrun,RU,1080p,agent_lycaon,unknown,unknown,true,,
live-session_1772677147-000013,D:\IKA_DATA\cv\raw\live\session_1772677147\session_1772677147_000013.jpg,inrun,RU,1080p,agent_vivian,unknown,unknown,true,,
live-session_1772677147-000014,D:\IKA_DATA\cv\raw\live\session_1772677147\session_1772677147_000014.jpg,inrun,RU,1080p,agent_vivian,unknown,unknown,true,,
live-session_1772677147-000015,D:\IKA_DATA\cv\raw\live\session_1772677147\session_1772677147_000015.jpg,inrun,RU,1080p,agent_lycaon,unknown,unknown,true,,
live-session_1772677147-000016,D:\IKA_DATA\cv\raw\live\session_1772677147\session_1772677147_000016.jpg,inrun,RU,1080p,unknown,unknown,unknown,true,,
live-session_1772677147-000017,D:\IKA_DATA\cv\raw\live\session_1772677147\session_1772677147_000017.jpg,inrun,RU,1080p,agent_lycaon,unknown,unknown,true,,
live-session_1772677147-000018,D:\IKA_DATA\cv\raw\live\session_1772677147\session_1772677147_000018.jpg,inrun,RU,1080p,agent_vivian,unknown,unknown,true,,
live-session_1772677147-000019,D:\IKA_DATA\cv\raw\live\session_1772677147\session_1772677147_000019.jpg,inrun,RU,1080p,agent_vivian,unknown,unknown,true,,
live-session_1772677147-000020,D:\IKA_DATA\cv\raw\live\session_1772677147\session_1772677147_000020.jpg,inrun,RU,1080p,agent_lycaon,unknown,unknown,true,,
live-session_1772677147-000021,D:\IKA_DATA\cv\raw\live\session_1772677147\session_1772677147_000021.jpg,inrun,RU,1080p,agent_lycaon,unknown,unknown,true,,
live-session_1772677147-000022,D:\IKA_DATA\cv\raw\live\session_1772677147\session_1772677147_000022.jpg,inrun,RU,1080p,unknown,unknown,unknown,true,,
live-session_1772677147-000023,D:\IKA_DATA\cv\raw\live\session_1772677147\session_1772677147_000023.jpg,inrun,RU,1080p,agent_lycaon,unknown,unknown,true,,
live-session_1772677147-000024,D:\IKA_DATA\cv\raw\live\session_1772677147\session_1772677147_000024.jpg,inrun,RU,1080p,agent_lycaon,agent_vivian,unknown,true,,
live-session_1772677147-000025,D:\IKA_DATA\cv\raw\live\session_1772677147\session_1772677147_000025.jpg,inrun,RU,1080p,agent_lycaon,unknown,unknown,true,,
live-session_1772677147-000026,D:\IKA_DATA\cv\raw\live\session_1772677147\session_1772677147_000026.jpg,inrun,RU,1080p,agent_vivian,unknown,unknown,true,,
live-session_1772677147-000027,D:\IKA_DATA\cv\raw\live\session_1772677147\session_1772677147_000027.jpg,inrun,RU,1080p,unknown,unknown,unknown,true,,
live-session_1772677147-000028,D:\IKA_DATA\cv\raw\live\session_1772677147\session_1772677147_000028.jpg,inrun,RU,1080p,agent_lycaon,unknown,unknown,true,,
live-session_1772677147-000029,D:\IKA_DATA\cv\raw\live\session_1772677147\session_1772677147_000029.jpg,inrun,RU,1080p,unknown,unknown,unknown,true,,
frame-cv_pub_001-cv_pub_001_001-000000,D:\IKA_DATA\cv\frames_inrun\cv_pub_001_cv_pub_001_001_f000000.jpg,inrun,EN,1080p,unknown,unknown,unknown,true,,
frame-cv_pub_001-cv_pub_001_001-000600,D:\IKA_DATA\cv\frames_inrun\cv_pub_001_cv_pub_001_001_f000600.jpg,inrun,EN,1080p,agent_koleda,agent_koleda,unknown,true,,
frame-cv_pub_001-cv_pub_001_001-000660,D:\IKA_DATA\cv\frames_inrun\cv_pub_001_cv_pub_001_001_f000660.jpg,inrun,EN,1080p,agent_koleda,unknown,unknown,true,,
frame-cv_pub_001-cv_pub_001_001-004560,D:\IKA_DATA\cv\frames_inrun\cv_pub_001_cv_pub_001_001_f004560.jpg,inrun,EN,1080p,agent_anby,unknown,unknown,true,,
frame-cv_pub_002-cv_pub_002_001-000000,D:\IKA_DATA\cv\frames_inrun\cv_pub_002_cv_pub_002_001_f000000.jpg,inrun,EN,1080p,unknown,unknown,unknown,true,,
frame-cv_pub_002-cv_pub_002_001-000840,D:\IKA_DATA\cv\frames_inrun\cv_pub_002_cv_pub_002_001_f000840.jpg,inrun,EN,1080p,agent_lycaon,unknown,agent_anby,true,,
frame-cv_pub_002-cv_pub_002_001-000960,D:\IKA_DATA\cv\frames_inrun\cv_pub_002_cv_pub_002_001_f000960.jpg,inrun,EN,1080p,agent_lycaon,unknown,agent_anby,true,,
frame-cv_pub_002-cv_pub_002_001-001320,D:\IKA_DATA\cv\frames_inrun\cv_pub_002_cv_pub_002_001_f001320.jpg,inrun,EN,1080p,agent_nicole,unknown,agent_anby,true,,
frame-cv_pub_002-cv_pub_002_001-002340,D:\IKA_DATA\cv\frames_inrun\cv_pub_002_cv_pub_002_001_f002340.jpg,inrun,EN,1080p,unknown,unknown,agent_anby,true,,
frame-cv_pub_002-cv_pub_002_001-004320,D:\IKA_DATA\cv\frames_inrun\cv_pub_002_cv_pub_002_001_f004320.jpg,inrun,EN,1080p,agent_nicole,unknown,unknown,true,,
frame-cv_pub_002-cv_pub_002_001-004500,D:\IKA_DATA\cv\frames_inrun\cv_pub_002_cv_pub_002_001_f004500.jpg,inrun,EN,1080p,agent_lycaon,unknown,unknown,true,,
frame-cv_pub_002-cv_pub_002_001-004560,D:\IKA_DATA\cv\frames_inrun\cv_pub_002_cv_pub_002_001_f004560.jpg,inrun,EN,1080p,agent_lycaon,agent_nicole,unknown,true,,
frame-cv_pub_002-cv_pub_002_001-004740,D:\IKA_DATA\cv\frames_inrun\cv_pub_002_cv_pub_002_001_f004740.jpg,inrun,EN,1080p,agent_lycaon,unknown,unknown,true,,
frame-cv_pub_002-cv_pub_002_001-005940,D:\IKA_DATA\cv\frames_inrun\cv_pub_002_cv_pub_002_001_f005940.jpg,inrun,EN,1080p,unknown,agent_anby,unknown,true,,
frame-cv_pub_002-cv_pub_002_001-006000,D:\IKA_DATA\cv\frames_inrun\cv_pub_002_cv_pub_002_001_f006000.jpg,inrun,EN,1080p,unknown,unknown,unknown,true,,
frame-cv_pub_003-cv_pub_003_001-000000,D:\IKA_DATA\cv\frames_inrun\cv_pub_003_cv_pub_003_001_f000000.jpg,inrun,EN,1080p,unknown,unknown,unknown,true,,
frame-cv_pub_003-cv_pub_003_001-000600,D:\IKA_DATA\cv\frames_inrun\cv_pub_003_cv_pub_003_001_f000600.jpg,inrun,EN,1080p,agent_koleda,agent_vivian,unknown,true,,
frame-cv_pub_003-cv_pub_003_001-000660,D:\IKA_DATA\cv\frames_inrun\cv_pub_003_cv_pub_003_001_f000660.jpg,inrun,EN,1080p,unknown,unknown,unknown,true,,
frame-cv_pub_003-cv_pub_003_001-000960,D:\IKA_DATA\cv\frames_inrun\cv_pub_003_cv_pub_003_001_f000960.jpg,inrun,EN,1080p,unknown,unknown,agent_anby,true,,
frame-cv_pub_003-cv_pub_003_001-001740,D:\IKA_DATA\cv\frames_inrun\cv_pub_003_cv_pub_003_001_f001740.jpg,inrun,EN,1080p,unknown,agent_lycaon,unknown,true,,
frame-cv_pub_003-cv_pub_003_001-001920,D:\IKA_DATA\cv\frames_inrun\cv_pub_003_cv_pub_003_001_f001920.jpg,inrun,EN,1080p,unknown,unknown,unknown,true,,
frame-cv_pub_003-cv_pub_003_001-002100,D:\IKA_DATA\cv\frames_inrun\cv_pub_003_cv_pub_003_001_f002100.jpg,inrun,EN,1080p,agent_lycaon,unknown,unknown,true,,
frame-cv_pub_003-cv_pub_003_001-002160,D:\IKA_DATA\cv\frames_inrun\cv_pub_003_cv_pub_003_001_f002160.jpg,inrun,EN,1080p,unknown,agent_nicole,agent_anby,true,,
frame-cv_pub_003-cv_pub_003_001-002280,D:\IKA_DATA\cv\frames_inrun\cv_pub_003_cv_pub_003_001_f002280.jpg,inrun,EN,1080p,agent_lycaon,unknown,unknown,true,,
frame-cv_pub_003-cv_pub_003_001-002640,D:\IKA_DATA\cv\frames_inrun\cv_pub_003_cv_pub_003_001_f002640.jpg,inrun,EN,1080p,agent_lycaon,agent_lycaon,unknown,true,,
frame-cv_pub_003-cv_pub_003_001-002700,D:\IKA_DATA\cv\frames_inrun\cv_pub_003_cv_pub_003_001_f002700.jpg,inrun,EN,1080p,agent_lycaon,agent_lycaon,unknown,true,,
frame-cv_pub_003-cv_pub_003_001-003180,D:\IKA_DATA\cv\frames_inrun\cv_pub_003_cv_pub_003_001_f003180.jpg,inrun,EN,1080p,agent_lycaon,agent_lycaon,unknown,true,,
frame-cv_pub_003-cv_pub_003_001-003420,D:\IKA_DATA\cv\frames_inrun\cv_pub_003_cv_pub_003_001_f003420.jpg,inrun,EN,1080p,agent_lycaon,unknown,unknown,true,,
frame-cv_pub_003-cv_pub_003_001-003480,D:\IKA_DATA\cv\frames_inrun\cv_pub_003_cv_pub_003_001_f003480.jpg,inrun,EN,1080p,agent_nicole,agent_nicole,unknown,true,,
frame-cv_pub_003-cv_pub_003_001-003600,D:\IKA_DATA\cv\frames_inrun\cv_pub_003_cv_pub_003_001_f003600.jpg,inrun,EN,1080p,unknown,agent_lycaon,unknown,true,,
frame-cv_pub_003-cv_pub_003_001-004200,D:\IKA_DATA\cv\frames_inrun\cv_pub_003_cv_pub_003_001_f004200.jpg,inrun,EN,1080p,unknown,unknown,agent_anby,true,,
frame-cv_pub_003-cv_pub_003_001-006060,D:\IKA_DATA\cv\frames_inrun\cv_pub_003_cv_pub_003_001_f006060.jpg,inrun,EN,1080p,agent_lycaon,agent_lycaon,unknown,true,,
frame-cv_pub_003-cv_pub_003_001-006240,D:\IKA_DATA\cv\frames_inrun\cv_pub_003_cv_pub_003_001_f006240.jpg,inrun,EN,1080p,unknown,agent_lycaon,agent_anby,true,,
frame-cv_pub_003-cv_pub_003_001-006540,D:\IKA_DATA\cv\frames_inrun\cv_pub_003_cv_pub_003_001_f006540.jpg,inrun,EN,1080p,unknown,unknown,agent_anby,true,,
frame-cv_pub_003-cv_pub_003_001-006840,D:\IKA_DATA\cv\frames_inrun\cv_pub_003_cv_pub_003_001_f006840.jpg,inrun,EN,1080p,unknown,agent_nicole,unknown,true,,
frame-cv_pub_003-cv_pub_003_001-007080,D:\IKA_DATA\cv\frames_inrun\cv_pub_003_cv_pub_003_001_f007080.jpg,inrun,EN,1080p,agent_lycaon,agent_nicole,unknown,true,,
frame-cv_pub_003-cv_pub_003_001-007260,D:\IKA_DATA\cv\frames_inrun\cv_pub_003_cv_pub_003_001_f007260.jpg,inrun,EN,1080p,agent_lycaon,unknown,agent_anby,true,,
frame-cv_pub_003-cv_pub_003_001-007440,D:\IKA_DATA\cv\frames_inrun\cv_pub_003_cv_pub_003_001_f007440.jpg,inrun,EN,1080p,unknown,unknown,unknown,true,,
frame-cv_pub_004-cv_pub_004_001-000000,D:\IKA_DATA\cv\frames_inrun\cv_pub_004_cv_pub_004_001_f000000.jpg,inrun,EN,1080p,unknown,unknown,agent_anby,true,,
frame-cv_pub_004-cv_pub_004_001-000120,D:\IKA_DATA\cv\frames_inrun\cv_pub_004_cv_pub_004_001_f000120.jpg,inrun,EN,1080p,unknown,unknown,agent_anby,true,,
frame-cv_pub_004-cv_pub_004_001-000900,D:\IKA_DATA\cv\frames_inrun\cv_pub_004_cv_pub_004_001_f000900.jpg,inrun,EN,1080p,agent_nicole,unknown,agent_anby,true,,
frame-cv_pub_004-cv_pub_004_001-002040,D:\IKA_DATA\cv\frames_inrun\cv_pub_004_cv_pub_004_001_f002040.jpg,inrun,EN,1080p,agent_lycaon,unknown,agent_anby,true,,
frame-cv_pub_004-cv_pub_004_001-002880,D:\IKA_DATA\cv\frames_inrun\cv_pub_004_cv_pub_004_001_f002880.jpg,inrun,EN,1080p,agent_nicole,unknown,agent_anby,true,,
frame-cv_pub_004-cv_pub_004_001-003780,D:\IKA_DATA\cv\frames_inrun\cv_pub_004_cv_pub_004_001_f003780.jpg,inrun,EN,1080p,agent_koleda,agent_lycaon,unknown,true,,
frame-cv_pub_004-cv_pub_004_001-003840,D:\IKA_DATA\cv\frames_inrun\cv_pub_004_cv_pub_004_001_f003840.jpg,inrun,EN,1080p,agent_lycaon,unknown,agent_anby,true,,
frame-cv_pub_004-cv_pub_004_001-003960,D:\IKA_DATA\cv\frames_inrun\cv_pub_004_cv_pub_004_001_f003960.jpg,inrun,EN,1080p,agent_lycaon,unknown,unknown,true,,
frame-cv_pub_004-cv_pub_004_001-004680,D:\IKA_DATA\cv\frames_inrun\cv_pub_004_cv_pub_004_001_f004680.jpg,inrun,EN,1080p,agent_lycaon,unknown,agent_anby,true,,
frame-cv_pub_004-cv_pub_004_001-004800,D:\IKA_DATA\cv\frames_inrun\cv_pub_004_cv_pub_004_001_f004800.jpg,inrun,EN,1080p,agent_nicole,unknown,agent_anby,true,,
frame-cv_pub_004-cv_pub_004_001-005160,D:\IKA_DATA\cv\frames_inrun\cv_pub_004_cv_pub_004_001_f005160.jpg,inrun,EN,1080p,agent_nicole,agent_anby,unknown,true,,
frame-cv_pub_004-cv_pub_004_001-005400,D:\IKA_DATA\cv\frames_inrun\cv_pub_004_cv_pub_004_001_f005400.jpg,inrun,EN,1080p,agent_nicole,unknown,agent_anby,true,,
frame-cv_pub_004-cv_pub_004_001-005700,D:\IKA_DATA\cv\frames_inrun\cv_pub_004_cv_pub_004_001_f005700.jpg,inrun,EN,1080p,agent_lycaon,unknown,unknown,true,,
frame-cv_pub_004-cv_pub_004_001-006360,D:\IKA_DATA\cv\frames_inrun\cv_pub_004_cv_pub_004_001_f006360.jpg,inrun,EN,1080p,agent_lycaon,agent_lycaon,unknown,true,,
frame-cv_pub_004-cv_pub_004_001-006660,D:\IKA_DATA\cv\frames_inrun\cv_pub_004_cv_pub_004_001_f006660.jpg,inrun,EN,1080p,unknown,unknown,unknown,true,,
frame-cv_pub_004-cv_pub_004_001-006720,D:\IKA_DATA\cv\frames_inrun\cv_pub_004_cv_pub_004_001_f006720.jpg,inrun,EN,1080p,agent_nicole,agent_lycaon,unknown,true,,
frame-cv_pub_004-cv_pub_004_001-006840,D:\IKA_DATA\cv\frames_inrun\cv_pub_004_cv_pub_004_001_f006840.jpg,inrun,EN,1080p,unknown,agent_nicole,agent_anby,true,,
frame-cv_pub_004-cv_pub_004_001-006900,D:\IKA_DATA\cv\frames_inrun\cv_pub_004_cv_pub_004_001_f006900.jpg,inrun,EN,1080p,unknown,agent_vivian,unknown,true,,
frame-cv_pub_004-cv_pub_004_001-007740,D:\IKA_DATA\cv\frames_inrun\cv_pub_004_cv_pub_004_001_f007740.jpg,inrun,EN,1080p,agent_nicole,agent_nicole,unknown,true,,
frame-cv_pub_004-cv_pub_004_001-008160,D:\IKA_DATA\cv\frames_inrun\cv_pub_004_cv_pub_004_001_f008160.jpg,inrun,EN,1080p,agent_nicole,agent_lycaon,unknown,true,,
frame-cv_pub_004-cv_pub_004_001-008400,D:\IKA_DATA\cv\frames_inrun\cv_pub_004_cv_pub_004_001_f008400.jpg,inrun,EN,1080p,unknown,unknown,agent_anby,true,,
frame-cv_pub_004-cv_pub_004_001-008460,D:\IKA_DATA\cv\frames_inrun\cv_pub_004_cv_pub_004_001_f008460.jpg,inrun,EN,1080p,agent_koleda,agent_lycaon,unknown,true,,
frame-cv_pub_004-cv_pub_004_001-008520,D:\IKA_DATA\cv\frames_inrun\cv_pub_004_cv_pub_004_001_f008520.jpg,inrun,EN,1080p,agent_lycaon,agent_koleda,unknown,true,,
frame-cv_pub_005-cv_pub_005_001-000000,D:\IKA_DATA\cv\frames_inrun\cv_pub_005_cv_pub_005_001_f000000.jpg,inrun,EN,1080p,unknown,unknown,unknown,true,,
frame-cv_pub_005-cv_pub_005_001-003060,D:\IKA_DATA\cv\frames_inrun\cv_pub_005_cv_pub_005_001_f003060.jpg,inrun,EN,1080p,agent_lycaon,unknown,agent_anby,true,,
frame-cv_pub_005-cv_pub_005_001-003900,D:\IKA_DATA\cv\frames_inrun\cv_pub_005_cv_pub_005_001_f003900.jpg,inrun,EN,1080p,agent_nicole,agent_nicole,unknown,true,,
frame-cv_pub_005-cv_pub_005_001-003960,D:\IKA_DATA\cv\frames_inrun\cv_pub_005_cv_pub_005_001_f003960.jpg,inrun,EN,1080p,unknown,unknown,unknown,true,,
frame-cv_pub_005-cv_pub_005_001-004680,D:\IKA_DATA\cv\frames_inrun\cv_pub_005_cv_pub_005_001_f004680.jpg,inrun,EN,1080p,agent_nicole,agent_nicole,unknown,true,,
frame-cv_pub_005-cv_pub_005_001-004800,D:\IKA_DATA\cv\frames_inrun\cv_pub_005_cv_pub_005_001_f004800.jpg,inrun,EN,1080p,agent_lycaon,agent_koleda,unknown,true,,
frame-cv_pub_005-cv_pub_005_001-005700,D:\IKA_DATA\cv\frames_inrun\cv_pub_005_cv_pub_005_001_f005700.jpg,inrun,EN,1080p,agent_lycaon,agent_lycaon,unknown,true,,
frame-cv_pub_005-cv_pub_005_001-005760,D:\IKA_DATA\cv\frames_inrun\cv_pub_005_cv_pub_005_001_f005760.jpg,inrun,EN,1080p,agent_nicole,unknown,agent_anby,true,,
frame-cv_pub_005-cv_pub_005_001-006000,D:\IKA_DATA\cv\frames_inrun\cv_pub_005_cv_pub_005_001_f006000.jpg,inrun,EN,1080p,agent_lycaon,agent_nicole,unknown,true,,
frame-cv_pub_005-cv_pub_005_001-006540,D:\IKA_DATA\cv\frames_inrun\cv_pub_005_cv_pub_005_001_f006540.jpg,inrun,EN,1080p,unknown,agent_nicole,agent_anby,true,,
frame-cv_pub_005-cv_pub_005_001-006600,D:\IKA_DATA\cv\frames_inrun\cv_pub_005_cv_pub_005_001_f006600.jpg,inrun,EN,1080p,agent_lycaon,agent_lycaon,unknown,true,,
frame-cv_pub_005-cv_pub_005_001-006660,D:\IKA_DATA\cv\frames_inrun\cv_pub_005_cv_pub_005_001_f006660.jpg,inrun,EN,1080p,agent_nicole,unknown,agent_anby,true,,
frame-cv_pub_006-cv_pub_006_001-000000,D:\IKA_DATA\cv\frames_inrun\cv_pub_006_cv_pub_006_001_f000000.jpg,inrun,EN,1080p,agent_nicole,unknown,unknown,true,,
frame-cv_pub_006-cv_pub_006_001-000240,D:\IKA_DATA\cv\frames_inrun\cv_pub_006_cv_pub_006_001_f000240.jpg,inrun,EN,1080p,agent_lycaon,unknown,unknown,true,,
frame-cv_pub_006-cv_pub_006_001-000480,D:\IKA_DATA\cv\frames_inrun\cv_pub_006_cv_pub_006_001_f000480.jpg,inrun,EN,1080p,agent_lycaon,unknown,unknown,true,,
frame-cv_pub_006-cv_pub_006_001-000720,D:\IKA_DATA\cv\frames_inrun\cv_pub_006_cv_pub_006_001_f000720.jpg,inrun,EN,1080p,agent_nicole,unknown,unknown,true,,
frame-cv_pub_006-cv_pub_006_001-000900,D:\IKA_DATA\cv\frames_inrun\cv_pub_006_cv_pub_006_001_f000900.jpg,inrun,EN,1080p,agent_nicole,agent_lycaon,unknown,true,,
frame-cv_pub_006-cv_pub_006_001-001200,D:\IKA_DATA\cv\frames_inrun\cv_pub_006_cv_pub_006_001_f001200.jpg,inrun,EN,1080p,agent_nicole,agent_lycaon,unknown,true,,
frame-cv_pub_006-cv_pub_006_001-002280,D:\IKA_DATA\cv\frames_inrun\cv_pub_006_cv_pub_006_001_f002280.jpg,inrun,EN,1080p,agent_nicole,agent_nicole,unknown,true,,
frame-cv_pub_006-cv_pub_006_001-002400,D:\IKA_DATA\cv\frames_inrun\cv_pub_006_cv_pub_006_001_f002400.jpg,inrun,EN,1080p,agent_lycaon,unknown,unknown,true,,
frame-cv_pub_006-cv_pub_006_001-002880,D:\IKA_DATA\cv\frames_inrun\cv_pub_006_cv_pub_006_001_f002880.jpg,inrun,EN,1080p,agent_lycaon,unknown,unknown,true,,
frame-cv_pub_006-cv_pub_006_001-003000,D:\IKA_DATA\cv\frames_inrun\cv_pub_006_cv_pub_006_001_f003000.jpg,inrun,EN,1080p,agent_lycaon,unknown,unknown,true,,
frame-cv_pub_006-cv_pub_006_001-003960,D:\IKA_DATA\cv\frames_inrun\cv_pub_006_cv_pub_006_001_f003960.jpg,inrun,EN,1080p,agent_lycaon,unknown,agent_vivian,true,,
frame-cv_pub_006-cv_pub_006_001-006720,D:\IKA_DATA\cv\frames_inrun\cv_pub_006_cv_pub_006_001_f006720.jpg,inrun,EN,1080p,unknown,unknown,unknown,true,,
frame-cv_pub_007-cv_pub_007_001-000000,D:\IKA_DATA\cv\frames_inrun\cv_pub_007_cv_pub_007_001_f000000.jpg,inrun,EN,1080p,agent_nicole,unknown,unknown,true,,
frame-cv_pub_007-cv_pub_007_001-001740,D:\IKA_DATA\cv\frames_inrun\cv_pub_007_cv_pub_007_001_f001740.jpg,inrun,EN,1080p,agent_koleda,unknown,unknown,true,,
frame-cv_pub_007-cv_pub_007_001-002520,D:\IKA_DATA\cv\frames_inrun\cv_pub_007_cv_pub_007_001_f002520.jpg,inrun,EN,1080p,agent_lycaon,unknown,agent_anby,true,,
frame-cv_pub_007-cv_pub_007_001-002760,D:\IKA_DATA\cv\frames_inrun\cv_pub_007_cv_pub_007_001_f002760.jpg,inrun,EN,1080p,unknown,agent_lycaon,unknown,true,,
frame-cv_pub_007-cv_pub_007_001-005640,D:\IKA_DATA\cv\frames_inrun\cv_pub_007_cv_pub_007_001_f005640.jpg,inrun,EN,1080p,agent_koleda,agent_lycaon,unknown,true,,
frame-cv_pub_008-cv_pub_008_001-000000,D:\IKA_DATA\cv\frames_inrun\cv_pub_008_cv_pub_008_001_f000000.jpg,inrun,EN,1080p,agent_lycaon,agent_nicole,unknown,true,,
frame-cv_pub_008-cv_pub_008_001-001140,D:\IKA_DATA\cv\frames_inrun\cv_pub_008_cv_pub_008_001_f001140.jpg,inrun,EN,1080p,agent_lycaon,agent_nicole,unknown,true,,
frame-cv_pub_008-cv_pub_008_001-001320,D:\IKA_DATA\cv\frames_inrun\cv_pub_008_cv_pub_008_001_f001320.jpg,inrun,EN,1080p,agent_nicole,agent_lycaon,unknown,true,,
frame-cv_pub_008-cv_pub_008_001-002760,D:\IKA_DATA\cv\frames_inrun\cv_pub_008_cv_pub_008_001_f002760.jpg,inrun,EN,1080p,unknown,agent_lycaon,unknown,true,,
frame-cv_pub_008-cv_pub_008_001-003720,D:\IKA_DATA\cv\frames_inrun\cv_pub_008_cv_pub_008_001_f003720.jpg,inrun,EN,1080p,unknown,agent_lycaon,unknown,true,,
frame-cv_pub_008-cv_pub_008_001-005160,D:\IKA_DATA\cv\frames_inrun\cv_pub_008_cv_pub_008_001_f005160.jpg,inrun,EN,1080p,unknown,agent_lycaon,unknown,true,,
frame-cv_pub_001-cv_pub_001_001-precheck-000615,D:\IKA_DATA\cv\frames_precheck\cv_pub_001_cv_pub_001_001_precheck_f000615.jpg,precheck,EN,1080p,unknown,unknown,unknown,true,,
frame-cv_pub_001-cv_pub_001_001-precheck-004515,D:\IKA_DATA\cv\frames_precheck\cv_pub_001_cv_pub_001_001_precheck_f004515.jpg,precheck,EN,1080p,unknown,unknown,unknown,true,,
frame-cv_pub_001-cv_pub_001_001-precheck-004995,D:\IKA_DATA\cv\frames_precheck\cv_pub_001_cv_pub_001_001_precheck_f004995.jpg,precheck,EN,1080p,unknown,unknown,unknown,true,,
frame-cv_pub_001-cv_pub_001_001-precheck-005010,D:\IKA_DATA\cv\frames_precheck\cv_pub_001_cv_pub_001_001_precheck_f005010.jpg,precheck,EN,1080p,agent_anby,unknown,unknown,true,,
frame-cv_pub_002-cv_pub_002_001-precheck-000075,D:\IKA_DATA\cv\frames_precheck\cv_pub_002_cv_pub_002_001_precheck_f000075.jpg,precheck,EN,1080p,agent_nicole,agent_nicole,unknown,true,,
frame-cv_pub_002-cv_pub_002_001-precheck-000090,D:\IKA_DATA\cv\frames_precheck\cv_pub_002_cv_pub_002_001_precheck_f000090.jpg,precheck,EN,1080p,unknown,agent_vivian,unknown,true,,
frame-cv_pub_002-cv_pub_002_001-precheck-000480,D:\IKA_DATA\cv\frames_precheck\cv_pub_002_cv_pub_002_001_precheck_f000480.jpg,precheck,EN,1080p,unknown,agent_vivian,unknown,true,,
frame-cv_pub_002-cv_pub_002_001-precheck-000495,D:\IKA_DATA\cv\frames_precheck\cv_pub_002_cv_pub_002_001_precheck_f000495.jpg,precheck,EN,1080p,agent_anby,unknown,unknown,true,,
frame-cv_pub_002-cv_pub_002_001-precheck-000810,D:\IKA_DATA\cv\frames_precheck\cv_pub_002_cv_pub_002_001_precheck_f000810.jpg,precheck,EN,1080p,agent_anby,agent_vivian,unknown,true,,
frame-cv_pub_002-cv_pub_002_001-precheck-000945,D:\IKA_DATA\cv\frames_precheck\cv_pub_002_cv_pub_002_001_precheck_f000945.jpg,precheck,EN,1080p,agent_anby,unknown,agent_vivian,true,,
frame-cv_pub_002-cv_pub_002_001-precheck-000975,D:\IKA_DATA\cv\frames_precheck\cv_pub_002_cv_pub_002_001_precheck_f000975.jpg,precheck,EN,1080p,unknown,agent_vivian,agent_vivian,true,,
frame-cv_pub_002-cv_pub_002_001-precheck-001545,D:\IKA_DATA\cv\frames_precheck\cv_pub_002_cv_pub_002_001_precheck_f001545.jpg,precheck,EN,1080p,agent_lycaon,unknown,agent_lycaon,true,,
frame-cv_pub_002-cv_pub_002_001-precheck-001620,D:\IKA_DATA\cv\frames_precheck\cv_pub_002_cv_pub_002_001_precheck_f001620.jpg,precheck,EN,1080p,agent_nicole,unknown,agent_vivian,true,,
frame-cv_pub_002-cv_pub_002_001-precheck-001710,D:\IKA_DATA\cv\frames_precheck\cv_pub_002_cv_pub_002_001_precheck_f001710.jpg,precheck,EN,1080p,agent_anby,unknown,agent_vivian,true,,
frame-cv_pub_002-cv_pub_002_001-precheck-001830,D:\IKA_DATA\cv\frames_precheck\cv_pub_002_cv_pub_002_001_precheck_f001830.jpg,precheck,EN,1080p,agent_nicole,unknown,agent_nicole,true,,
frame-cv_pub_002-cv_pub_002_001-precheck-002100,D:\IKA_DATA\cv\frames_precheck\cv_pub_002_cv_pub_002_001_precheck_f002100.jpg,precheck,EN,1080p,agent_anby,unknown,agent_lycaon,true,,
frame-cv_pub_002-cv_pub_002_001-precheck-002325,D:\IKA_DATA\cv\frames_precheck\cv_pub_002_cv_pub_002_001_precheck_f002325.jpg,precheck,EN,1080p,agent_anby,unknown,unknown,true,,
frame-cv_pub_002-cv_pub_002_001-precheck-002385,D:\IKA_DATA\cv\frames_precheck\cv_pub_002_cv_pub_002_001_precheck_f002385.jpg,precheck,EN,1080p,agent_anby,agent_vivian,unknown,true,,
frame-cv_pub_002-cv_pub_002_001-precheck-003960,D:\IKA_DATA\cv\frames_precheck\cv_pub_002_cv_pub_002_001_precheck_f003960.jpg,precheck,EN,1080p,unknown,unknown,unknown,true,,
frame-cv_pub_002-cv_pub_002_001-precheck-004080,D:\IKA_DATA\cv\frames_precheck\cv_pub_002_cv_pub_002_001_precheck_f004080.jpg,precheck,EN,1080p,agent_lycaon,unknown,agent_lycaon,true,,
frame-cv_pub_002-cv_pub_002_001-precheck-004140,D:\IKA_DATA\cv\frames_precheck\cv_pub_002_cv_pub_002_001_precheck_f004140.jpg,precheck,EN,1080p,agent_lycaon,unknown,unknown,true,,
frame-cv_pub_002-cv_pub_002_001-precheck-004155,D:\IKA_DATA\cv\frames_precheck\cv_pub_002_cv_pub_002_001_precheck_f004155.jpg,precheck,EN,1080p,agent_lycaon,unknown,agent_nicole,true,,
frame-cv_pub_002-cv_pub_002_001-precheck-004515,D:\IKA_DATA\cv\frames_precheck\cv_pub_002_cv_pub_002_001_precheck_f004515.jpg,precheck,EN,1080p,unknown,agent_lycaon,agent_nicole,true,,
frame-cv_pub_002-cv_pub_002_001-precheck-004770,D:\IKA_DATA\cv\frames_precheck\cv_pub_002_cv_pub_002_001_precheck_f004770.jpg,precheck,EN,1080p,unknown,agent_vivian,agent_lycaon,true,,
frame-cv_pub_002-cv_pub_002_001-precheck-004905,D:\IKA_DATA\cv\frames_precheck\cv_pub_002_cv_pub_002_001_precheck_f004905.jpg,precheck,EN,1080p,unknown,agent_vivian,agent_koleda,true,,
frame-cv_pub_002-cv_pub_002_001-precheck-004950,D:\IKA_DATA\cv\frames_precheck\cv_pub_002_cv_pub_002_001_precheck_f004950.jpg,precheck,EN,1080p,agent_lycaon,agent_lycaon,unknown,true,,
frame-cv_pub_002-cv_pub_002_001-precheck-005955,D:\IKA_DATA\cv\frames_precheck\cv_pub_002_cv_pub_002_001_precheck_f005955.jpg,precheck,EN,1080p,agent_anby,unknown,unknown,true,,
frame-cv_pub_003-cv_pub_003_001-precheck-000180,D:\IKA_DATA\cv\frames_precheck\cv_pub_003_cv_pub_003_001_precheck_f000180.jpg,precheck,EN,1440p,unknown,agent_lycaon,unknown,true,,
frame-cv_pub_003-cv_pub_003_001-precheck-000585,D:\IKA_DATA\cv\frames_precheck\cv_pub_003_cv_pub_003_001_precheck_f000585.jpg,precheck,EN,1440p,unknown,agent_lycaon,agent_nicole,true,,
frame-cv_pub_003-cv_pub_003_001-precheck-000885,D:\IKA_DATA\cv\frames_precheck\cv_pub_003_cv_pub_003_001_precheck_f000885.jpg,precheck,EN,1440p,unknown,agent_vivian,agent_vivian,true,,
frame-cv_pub_003-cv_pub_003_001-precheck-001845,D:\IKA_DATA\cv\frames_precheck\cv_pub_003_cv_pub_003_001_precheck_f001845.jpg,precheck,EN,1440p,agent_nicole,unknown,agent_nicole,true,,
frame-cv_pub_003-cv_pub_003_001-precheck-001905,D:\IKA_DATA\cv\frames_precheck\cv_pub_003_cv_pub_003_001_precheck_f001905.jpg,precheck,EN,1440p,unknown,agent_lycaon,agent_lycaon,true,,
frame-cv_pub_003-cv_pub_003_001-precheck-001995,D:\IKA_DATA\cv\frames_precheck\cv_pub_003_cv_pub_003_001_precheck_f001995.jpg,precheck,EN,1440p,unknown,agent_vivian,agent_nicole,true,,
frame-cv_pub_003-cv_pub_003_001-precheck-002685,D:\IKA_DATA\cv\frames_precheck\cv_pub_003_cv_pub_003_001_precheck_f002685.jpg,precheck,EN,1440p,agent_nicole,unknown,agent_lycaon,true,,
frame-cv_pub_003-cv_pub_003_001-precheck-002805,D:\IKA_DATA\cv\frames_precheck\cv_pub_003_cv_pub_003_001_precheck_f002805.jpg,precheck,EN,1440p,agent_nicole,unknown,agent_lycaon,true,,
frame-cv_pub_003-cv_pub_003_001-precheck-002955,D:\IKA_DATA\cv\frames_precheck\cv_pub_003_cv_pub_003_001_precheck_f002955.jpg,precheck,EN,1440p,agent_nicole,unknown,unknown,true,,
frame-cv_pub_003-cv_pub_003_001-precheck-003000,D:\IKA_DATA\cv\frames_precheck\cv_pub_003_cv_pub_003_001_precheck_f003000.jpg,precheck,EN,1440p,agent_nicole,unknown,agent_lycaon,true,,
frame-cv_pub_003-cv_pub_003_001-precheck-003255,D:\IKA_DATA\cv\frames_precheck\cv_pub_003_cv_pub_003_001_precheck_f003255.jpg,precheck,EN,1440p,agent_lycaon,unknown,agent_lycaon,true,,
frame-cv_pub_003-cv_pub_003_001-precheck-003570,D:\IKA_DATA\cv\frames_precheck\cv_pub_003_cv_pub_003_001_precheck_f003570.jpg,precheck,EN,1440p,unknown,agent_vivian,agent_vivian,true,,
frame-cv_pub_003-cv_pub_003_001-precheck-003630,D:\IKA_DATA\cv\frames_precheck\cv_pub_003_cv_pub_003_001_precheck_f003630.jpg,precheck,EN,1440p,agent_nicole,agent_lycaon,unknown,true,,
frame-cv_pub_003-cv_pub_003_001-precheck-003645,D:\IKA_DATA\cv\frames_precheck\cv_pub_003_cv_pub_003_001_precheck_f003645.jpg,precheck,EN,1440p,unknown,agent_lycaon,unknown,true,,
frame-cv_pub_003-cv_pub_003_001-precheck-003720,D:\IKA_DATA\cv\frames_precheck\cv_pub_003_cv_pub_003_001_precheck_f003720.jpg,precheck,EN,1440p,unknown,unknown,agent_lycaon,true,,
frame-cv_pub_003-cv_pub_003_001-precheck-005175,D:\IKA_DATA\cv\frames_precheck\cv_pub_003_cv_pub_003_001_precheck_f005175.jpg,precheck,EN,1440p,agent_nicole,unknown,agent_nicole,true,,
frame-cv_pub_003-cv_pub_003_001-precheck-005235,D:\IKA_DATA\cv\frames_precheck\cv_pub_003_cv_pub_003_001_precheck_f005235.jpg,precheck,EN,1440p,agent_lycaon,agent_vivian,unknown,true,,
frame-cv_pub_003-cv_pub_003_001-precheck-005385,D:\IKA_DATA\cv\frames_precheck\cv_pub_003_cv_pub_003_001_precheck_f005385.jpg,precheck,EN,1440p,agent_lycaon,unknown,agent_lycaon,true,,
frame-cv_pub_003-cv_pub_003_001-precheck-007170,D:\IKA_DATA\cv\frames_precheck\cv_pub_003_cv_pub_003_001_precheck_f007170.jpg,precheck,EN,1440p,agent_anby,agent_nicole,unknown,true,,
frame-cv_pub_003-cv_pub_003_001-precheck-007395,D:\IKA_DATA\cv\frames_precheck\cv_pub_003_cv_pub_003_001_precheck_f007395.jpg,precheck,EN,1440p,agent_anby,unknown,unknown,true,,
frame-cv_pub_004-cv_pub_004_001-precheck-000045,D:\IKA_DATA\cv\frames_precheck\cv_pub_004_cv_pub_004_001_precheck_f000045.jpg,precheck,RU,1080p,agent_nicole,agent_vivian,unknown,true,,
frame-cv_pub_004-cv_pub_004_001-precheck-000315,D:\IKA_DATA\cv\frames_precheck\cv_pub_004_cv_pub_004_001_precheck_f000315.jpg,precheck,RU,1080p,agent_anby,agent_lycaon,unknown,true,,
frame-cv_pub_004-cv_pub_004_001-precheck-000465,D:\IKA_DATA\cv\frames_precheck\cv_pub_004_cv_pub_004_001_precheck_f000465.jpg,precheck,RU,1080p,agent_anby,agent_lycaon,unknown,true,,
frame-cv_pub_004-cv_pub_004_001-precheck-000630,D:\IKA_DATA\cv\frames_precheck\cv_pub_004_cv_pub_004_001_precheck_f000630.jpg,precheck,RU,1080p,agent_anby,agent_lycaon,unknown,true,,
frame-cv_pub_004-cv_pub_004_001-precheck-001200,D:\IKA_DATA\cv\frames_precheck\cv_pub_004_cv_pub_004_001_precheck_f001200.jpg,precheck,RU,1080p,agent_anby,unknown,agent_nicole,true,,
frame-cv_pub_004-cv_pub_004_001-precheck-001515,D:\IKA_DATA\cv\frames_precheck\cv_pub_004_cv_pub_004_001_precheck_f001515.jpg,precheck,RU,1080p,agent_anby,agent_lycaon,unknown,true,,
frame-cv_pub_004-cv_pub_004_001-precheck-001530,D:\IKA_DATA\cv\frames_precheck\cv_pub_004_cv_pub_004_001_precheck_f001530.jpg,precheck,RU,1080p,unknown,agent_lycaon,agent_nicole,true,,
frame-cv_pub_004-cv_pub_004_001-precheck-001560,D:\IKA_DATA\cv\frames_precheck\cv_pub_004_cv_pub_004_001_precheck_f001560.jpg,precheck,RU,1080p,agent_anby,unknown,agent_vivian,true,,
frame-cv_pub_004-cv_pub_004_001-precheck-001620,D:\IKA_DATA\cv\frames_precheck\cv_pub_004_cv_pub_004_001_precheck_f001620.jpg,precheck,RU,1080p,agent_anby,unknown,unknown,true,,
frame-cv_pub_004-cv_pub_004_001-precheck-001695,D:\IKA_DATA\cv\frames_precheck\cv_pub_004_cv_pub_004_001_precheck_f001695.jpg,precheck,RU,1080p,agent_anby,agent_lycaon,unknown,true,,
frame-cv_pub_004-cv_pub_004_001-precheck-002550,D:\IKA_DATA\cv\frames_precheck\cv_pub_004_cv_pub_004_001_precheck_f002550.jpg,precheck,RU,1080p,agent_nicole,agent_nicole,unknown,true,,
frame-cv_pub_004-cv_pub_004_001-precheck-002580,D:\IKA_DATA\cv\frames_precheck\cv_pub_004_cv_pub_004_001_precheck_f002580.jpg,precheck,RU,1080p,agent_nicole,agent_lycaon,unknown,true,,
frame-cv_pub_004-cv_pub_004_001-precheck-002595,D:\IKA_DATA\cv\frames_precheck\cv_pub_004_cv_pub_004_001_precheck_f002595.jpg,precheck,RU,1080p,agent_anby,unknown,agent_nicole,true,,
frame-cv_pub_004-cv_pub_004_001-precheck-002625,D:\IKA_DATA\cv\frames_precheck\cv_pub_004_cv_pub_004_001_precheck_f002625.jpg,precheck,RU,1080p,unknown,agent_vivian,agent_nicole,true,,
frame-cv_pub_004-cv_pub_004_001-precheck-002655,D:\IKA_DATA\cv\frames_precheck\cv_pub_004_cv_pub_004_001_precheck_f002655.jpg,precheck,RU,1080p,agent_nicole,agent_lycaon,unknown,true,,
frame-cv_pub_004-cv_pub_004_001-precheck-002685,D:\IKA_DATA\cv\frames_precheck\cv_pub_004_cv_pub_004_001_precheck_f002685.jpg,precheck,RU,1080p,agent_anby,unknown,agent_nicole,true,,
frame-cv_pub_004-cv_pub_004_001-precheck-002790,D:\IKA_DATA\cv\frames_precheck\cv_pub_004_cv_pub_004_001_precheck_f002790.jpg,precheck,RU,1080p,agent_anby,agent_lycaon,unknown,true,,
frame-cv_pub_004-cv_pub_004_001-precheck-002850,D:\IKA_DATA\cv\frames_precheck\cv_pub_004_cv_pub_004_001_precheck_f002850.jpg,precheck,RU,1080p,unknown,agent_koleda,agent_nicole,true,,
frame-cv_pub_004-cv_pub_004_001-precheck-002865,D:\IKA_DATA\cv\frames_precheck\cv_pub_004_cv_pub_004_001_precheck_f002865.jpg,precheck,RU,1080p,agent_anby,unknown,agent_nicole,true,,
frame-cv_pub_004-cv_pub_004_001-precheck-002940,D:\IKA_DATA\cv\frames_precheck\cv_pub_004_cv_pub_004_001_precheck_f002940.jpg,precheck,RU,1080p,agent_anby,unknown,unknown,true,,
frame-cv_pub_004-cv_pub_004_001-precheck-003090,D:\IKA_DATA\cv\frames_precheck\cv_pub_004_cv_pub_004_001_precheck_f003090.jpg,precheck,RU,1080p,unknown,agent_lycaon,agent_lycaon,true,,
frame-cv_pub_004-cv_pub_004_001-precheck-003120,D:\IKA_DATA\cv\frames_precheck\cv_pub_004_cv_pub_004_001_precheck_f003120.jpg,precheck,RU,1080p,agent_lycaon,unknown,unknown,true,,
frame-cv_pub_004-cv_pub_004_001-precheck-003165,D:\IKA_DATA\cv\frames_precheck\cv_pub_004_cv_pub_004_001_precheck_f003165.jpg,precheck,RU,1080p,agent_anby,unknown,unknown,true,,
frame-cv_pub_004-cv_pub_004_001-precheck-003210,D:\IKA_DATA\cv\frames_precheck\cv_pub_004_cv_pub_004_001_precheck_f003210.jpg,precheck,RU,1080p,agent_anby,agent_nicole,unknown,true,,
frame-cv_pub_004-cv_pub_004_001-precheck-003285,D:\IKA_DATA\cv\frames_precheck\cv_pub_004_cv_pub_004_001_precheck_f003285.jpg,precheck,RU,1080p,agent_anby,agent_nicole,unknown,true,,
frame-cv_pub_004-cv_pub_004_001-precheck-003345,D:\IKA_DATA\cv\frames_precheck\cv_pub_004_cv_pub_004_001_precheck_f003345.jpg,precheck,RU,1080p,agent_nicole,unknown,unknown,true,,
frame-cv_pub_004-cv_pub_004_001-precheck-003645,D:\IKA_DATA\cv\frames_precheck\cv_pub_004_cv_pub_004_001_precheck_f003645.jpg,precheck,RU,1080p,agent_anby,unknown,unknown,true,,
frame-cv_pub_004-cv_pub_004_001-precheck-003705,D:\IKA_DATA\cv\frames_precheck\cv_pub_004_cv_pub_004_001_precheck_f003705.jpg,precheck,RU,1080p,agent_anby,unknown,unknown,true,,
frame-cv_pub_004-cv_pub_004_001-precheck-003810,D:\IKA_DATA\cv\frames_precheck\cv_pub_004_cv_pub_004_001_precheck_f003810.jpg,precheck,RU,1080p,agent_anby,agent_vivian,unknown,true,,
frame-cv_pub_004-cv_pub_004_001-precheck-004125,D:\IKA_DATA\cv\frames_precheck\cv_pub_004_cv_pub_004_001_precheck_f004125.jpg,precheck,RU,1080p,agent_anby,unknown,agent_nicole,true,,
frame-cv_pub_004-cv_pub_004_001-precheck-004155,D:\IKA_DATA\cv\frames_precheck\cv_pub_004_cv_pub_004_001_precheck_f004155.jpg,precheck,RU,1080p,agent_nicole,unknown,agent_nicole,true,,
frame-cv_pub_004-cv_pub_004_001-precheck-004335,D:\IKA_DATA\cv\frames_precheck\cv_pub_004_cv_pub_004_001_precheck_f004335.jpg,precheck,RU,1080p,agent_lycaon,agent_lycaon,unknown,true,,
frame-cv_pub_004-cv_pub_004_001-precheck-004365,D:\IKA_DATA\cv\frames_precheck\cv_pub_004_cv_pub_004_001_precheck_f004365.jpg,precheck,RU,1080p,agent_nicole,agent_lycaon,unknown,true,,
frame-cv_pub_004-cv_pub_004_001-precheck-005175,D:\IKA_DATA\cv\frames_precheck\cv_pub_004_cv_pub_004_001_precheck_f005175.jpg,precheck,RU,1080p,agent_nicole,agent_lycaon,unknown,true,,
frame-cv_pub_004-cv_pub_004_001-precheck-005220,D:\IKA_DATA\cv\frames_precheck\cv_pub_004_cv_pub_004_001_precheck_f005220.jpg,precheck,RU,1080p,agent_nicole,agent_lycaon,unknown,true,,
frame-cv_pub_004-cv_pub_004_001-precheck-005610,D:\IKA_DATA\cv\frames_precheck\cv_pub_004_cv_pub_004_001_precheck_f005610.jpg,precheck,RU,1080p,agent_anby,agent_lycaon,unknown,true,,
frame-cv_pub_004-cv_pub_004_001-precheck-005685,D:\IKA_DATA\cv\frames_precheck\cv_pub_004_cv_pub_004_001_precheck_f005685.jpg,precheck,RU,1080p,agent_anby,agent_nicole,unknown,true,,
frame-cv_pub_004-cv_pub_004_001-precheck-005805,D:\IKA_DATA\cv\frames_precheck\cv_pub_004_cv_pub_004_001_precheck_f005805.jpg,precheck,RU,1080p,agent_anby,agent_vivian,unknown,true,,
frame-cv_pub_004-cv_pub_004_001-precheck-005880,D:\IKA_DATA\cv\frames_precheck\cv_pub_004_cv_pub_004_001_precheck_f005880.jpg,precheck,RU,1080p,agent_anby,agent_vivian,unknown,true,,
frame-cv_pub_004-cv_pub_004_001-precheck-005940,D:\IKA_DATA\cv\frames_precheck\cv_pub_004_cv_pub_004_001_precheck_f005940.jpg,precheck,RU,1080p,unknown,agent_vivian,agent_lycaon,true,,
frame-cv_pub_004-cv_pub_004_001-precheck-006195,D:\IKA_DATA\cv\frames_precheck\cv_pub_004_cv_pub_004_001_precheck_f006195.jpg,precheck,RU,1080p,unknown,agent_vivian,agent_lycaon,true,,
frame-cv_pub_004-cv_pub_004_001-precheck-006285,D:\IKA_DATA\cv\frames_precheck\cv_pub_004_cv_pub_004_001_precheck_f006285.jpg,precheck,RU,1080p,agent_nicole,agent_vivian,unknown,true,,
frame-cv_pub_004-cv_pub_004_001-precheck-006675,D:\IKA_DATA\cv\frames_precheck\cv_pub_004_cv_pub_004_001_precheck_f006675.jpg,precheck,RU,1080p,unknown,agent_lycaon,unknown,true,,
frame-cv_pub_004-cv_pub_004_001-precheck-006825,D:\IKA_DATA\cv\frames_precheck\cv_pub_004_cv_pub_004_001_precheck_f006825.jpg,precheck,RU,1080p,agent_nicole,agent_vivian,unknown,true,,
frame-cv_pub_004-cv_pub_004_001-precheck-007320,D:\IKA_DATA\cv\frames_precheck\cv_pub_004_cv_pub_004_001_precheck_f007320.jpg,precheck,RU,1080p,unknown,agent_vivian,agent_vivian,true,,
frame-cv_pub_004-cv_pub_004_001-precheck-007635,D:\IKA_DATA\cv\frames_precheck\cv_pub_004_cv_pub_004_001_precheck_f007635.jpg,precheck,RU,1080p,unknown,agent_lycaon,agent_lycaon,true,,
frame-cv_pub_004-cv_pub_004_001-precheck-007650,D:\IKA_DATA\cv\frames_precheck\cv_pub_004_cv_pub_004_001_precheck_f007650.jpg,precheck,RU,1080p,agent_lycaon,unknown,agent_lycaon,true,,
frame-cv_pub_004-cv_pub_004_001-precheck-007695,D:\IKA_DATA\cv\frames_precheck\cv_pub_004_cv_pub_004_001_precheck_f007695.jpg,precheck,RU,1080p,agent_nicole,agent_nicole,unknown,true,,
frame-cv_pub_004-cv_pub_004_001-precheck-007755,D:\IKA_DATA\cv\frames_precheck\cv_pub_004_cv_pub_004_001_precheck_f007755.jpg,precheck,RU,1080p,agent_nicole,agent_lycaon,unknown,true,,
frame-cv_pub_004-cv_pub_004_001-precheck-008220,D:\IKA_DATA\cv\frames_precheck\cv_pub_004_cv_pub_004_001_precheck_f008220.jpg,precheck,RU,1080p,unknown,agent_vivian,agent_lycaon,true,,
frame-cv_pub_004-cv_pub_004_001-precheck-008235,D:\IKA_DATA\cv\frames_precheck\cv_pub_004_cv_pub_004_001_precheck_f008235.jpg,precheck,RU,1080p,unknown,agent_lycaon,agent_nicole,true,,
frame-cv_pub_004-cv_pub_004_001-precheck-008250,D:\IKA_DATA\cv\frames_precheck\cv_pub_004_cv_pub_004_001_precheck_f008250.jpg,precheck,RU,1080p,agent_nicole,agent_lycaon,unknown,true,,
frame-cv_pub_004-cv_pub_004_001-precheck-008490,D:\IKA_DATA\cv\frames_precheck\cv_pub_004_cv_pub_004_001_precheck_f008490.jpg,precheck,RU,1080p,unknown,agent_lycaon,unknown,true,,
frame-cv_pub_004-cv_pub_004_001-precheck-008625,D:\IKA_DATA\cv\frames_precheck\cv_pub_004_cv_pub_004_001_precheck_f008625.jpg,precheck,RU,1080p,agent_nicole,agent_vivian,unknown,true,,
frame-cv_pub_004-cv_pub_004_001-precheck-008700,D:\IKA_DATA\cv\frames_precheck\cv_pub_004_cv_pub_004_001_precheck_f008700.jpg,precheck,RU,1080p,agent_anby,agent_nicole,unknown,true,,
frame-cv_pub_004-cv_pub_004_001-precheck-009450,D:\IKA_DATA\cv\frames_precheck\cv_pub_004_cv_pub_004_001_precheck_f009450.jpg,precheck,RU,1080p,agent_anby,unknown,unknown,true,,
frame-cv_pub_005-cv_pub_005_001-precheck-003135,D:\IKA_DATA\cv\frames_precheck\cv_pub_005_cv_pub_005_001_precheck_f003135.jpg,precheck,RU,1080p,agent_nicole,agent_vivian,unknown,true,,
frame-cv_pub_005-cv_pub_005_001-precheck-003165,D:\IKA_DATA\cv\frames_precheck\cv_pub_005_cv_pub_005_001_precheck_f003165.jpg,precheck,RU,1080p,unknown,agent_nicole,agent_lycaon,true,,
frame-cv_pub_005-cv_pub_005_001-precheck-003180,D:\IKA_DATA\cv\frames_precheck\cv_pub_005_cv_pub_005_001_precheck_f003180.jpg,precheck,RU,1080p,agent_nicole,agent_vivian,unknown,true,,
frame-cv_pub_005-cv_pub_005_001-precheck-003345,D:\IKA_DATA\cv\frames_precheck\cv_pub_005_cv_pub_005_001_precheck_f003345.jpg,precheck,RU,1080p,agent_nicole,agent_vivian,unknown,true,,
frame-cv_pub_005-cv_pub_005_001-precheck-004500,D:\IKA_DATA\cv\frames_precheck\cv_pub_005_cv_pub_005_001_precheck_f004500.jpg,precheck,RU,1080p,agent_nicole,unknown,agent_lycaon,true,,
frame-cv_pub_005-cv_pub_005_001-precheck-004710,D:\IKA_DATA\cv\frames_precheck\cv_pub_005_cv_pub_005_001_precheck_f004710.jpg,precheck,RU,1080p,unknown,agent_lycaon,agent_lycaon,true,,
frame-cv_pub_005-cv_pub_005_001-precheck-004755,D:\IKA_DATA\cv\frames_precheck\cv_pub_005_cv_pub_005_001_precheck_f004755.jpg,precheck,RU,1080p,unknown,agent_nicole,unknown,true,,
frame-cv_pub_005-cv_pub_005_001-precheck-004770,D:\IKA_DATA\cv\frames_precheck\cv_pub_005_cv_pub_005_001_precheck_f004770.jpg,precheck,RU,1080p,agent_anby,agent_lycaon,unknown,true,,
frame-cv_pub_005-cv_pub_005_001-precheck-004785,D:\IKA_DATA\cv\frames_precheck\cv_pub_005_cv_pub_005_001_precheck_f004785.jpg,precheck,RU,1080p,unknown,agent_lycaon,unknown,true,,
frame-cv_pub_005-cv_pub_005_001-precheck-004815,D:\IKA_DATA\cv\frames_precheck\cv_pub_005_cv_pub_005_001_precheck_f004815.jpg,precheck,RU,1080p,agent_nicole,agent_nicole,unknown,true,,
frame-cv_pub_005-cv_pub_005_001-precheck-004830,D:\IKA_DATA\cv\frames_precheck\cv_pub_005_cv_pub_005_001_precheck_f004830.jpg,precheck,RU,1080p,agent_lycaon,agent_lycaon,unknown,true,,
frame-cv_pub_005-cv_pub_005_001-precheck-004905,D:\IKA_DATA\cv\frames_precheck\cv_pub_005_cv_pub_005_001_precheck_f004905.jpg,precheck,RU,1080p,agent_nicole,agent_lycaon,unknown,true,,
frame-cv_pub_005-cv_pub_005_001-precheck-004965,D:\IKA_DATA\cv\frames_precheck\cv_pub_005_cv_pub_005_001_precheck_f004965.jpg,precheck,RU,1080p,agent_nicole,agent_lycaon,unknown,true,,
frame-cv_pub_005-cv_pub_005_001-precheck-005085,D:\IKA_DATA\cv\frames_precheck\cv_pub_005_cv_pub_005_001_precheck_f005085.jpg,precheck,RU,1080p,unknown,unknown,agent_lycaon,true,,
frame-cv_pub_005-cv_pub_005_001-precheck-005100,D:\IKA_DATA\cv\frames_precheck\cv_pub_005_cv_pub_005_001_precheck_f005100.jpg,precheck,RU,1080p,agent_nicole,agent_nicole,unknown,true,,
frame-cv_pub_005-cv_pub_005_001-precheck-005385,D:\IKA_DATA\cv\frames_precheck\cv_pub_005_cv_pub_005_001_precheck_f005385.jpg,precheck,RU,1080p,unknown,agent_lycaon,agent_lycaon,true,,
frame-cv_pub_005-cv_pub_005_001-precheck-005400,D:\IKA_DATA\cv\frames_precheck\cv_pub_005_cv_pub_005_001_precheck_f005400.jpg,precheck,RU,1080p,unknown,agent_nicole,agent_nicole,true,,
frame-cv_pub_005-cv_pub_005_001-precheck-005715,D:\IKA_DATA\cv\frames_precheck\cv_pub_005_cv_pub_005_001_precheck_f005715.jpg,precheck,RU,1080p,agent_lycaon,unknown,agent_nicole,true,,
frame-cv_pub_005-cv_pub_005_001-precheck-005955,D:\IKA_DATA\cv\frames_precheck\cv_pub_005_cv_pub_005_001_precheck_f005955.jpg,precheck,RU,1080p,agent_nicole,agent_vivian,unknown,true,,
frame-cv_pub_005-cv_pub_005_001-precheck-006030,D:\IKA_DATA\cv\frames_precheck\cv_pub_005_cv_pub_005_001_precheck_f006030.jpg,precheck,RU,1080p,agent_nicole,agent_lycaon,unknown,true,,
frame-cv_pub_005-cv_pub_005_001-precheck-006510,D:\IKA_DATA\cv\frames_precheck\cv_pub_005_cv_pub_005_001_precheck_f006510.jpg,precheck,RU,1080p,unknown,agent_vivian,agent_vivian,true,,
frame-cv_pub_005-cv_pub_005_001-precheck-006555,D:\IKA_DATA\cv\frames_precheck\cv_pub_005_cv_pub_005_001_precheck_f006555.jpg,precheck,RU,1080p,agent_koleda,agent_koleda,unknown,true,,
frame-cv_pub_005-cv_pub_005_001-precheck-006705,D:\IKA_DATA\cv\frames_precheck\cv_pub_005_cv_pub_005_001_precheck_f006705.jpg,precheck,RU,1080p,agent_nicole,unknown,unknown,true,,
frame-cv_pub_005-cv_pub_005_001-precheck-006750,D:\IKA_DATA\cv\frames_precheck\cv_pub_005_cv_pub_005_001_precheck_f006750.jpg,precheck,RU,1080p,unknown,unknown,agent_vivian,true,,
frame-cv_pub_006-cv_pub_006_001-precheck-000465,D:\IKA_DATA\cv\frames_precheck\cv_pub_006_cv_pub_006_001_precheck_f000465.jpg,precheck,EN,1080p,unknown,agent_lycaon,agent_lycaon,true,,
frame-cv_pub_006-cv_pub_006_001-precheck-000735,D:\IKA_DATA\cv\frames_precheck\cv_pub_006_cv_pub_006_001_precheck_f000735.jpg,precheck,EN,1080p,agent_anby,agent_lycaon,unknown,true,,
frame-cv_pub_006-cv_pub_006_001-precheck-000840,D:\IKA_DATA\cv\frames_precheck\cv_pub_006_cv_pub_006_001_precheck_f000840.jpg,precheck,EN,1080p,unknown,agent_lycaon,agent_vivian,true,,
frame-cv_pub_006-cv_pub_006_001-precheck-001110,D:\IKA_DATA\cv\frames_precheck\cv_pub_006_cv_pub_006_001_precheck_f001110.jpg,precheck,EN,1080p,agent_lycaon,agent_lycaon,unknown,true,,
frame-cv_pub_006-cv_pub_006_001-precheck-001260,D:\IKA_DATA\cv\frames_precheck\cv_pub_006_cv_pub_006_001_precheck_f001260.jpg,precheck,EN,1080p,unknown,unknown,unknown,true,,
frame-cv_pub_006-cv_pub_006_001-precheck-002670,D:\IKA_DATA\cv\frames_precheck\cv_pub_006_cv_pub_006_001_precheck_f002670.jpg,precheck,EN,1080p,unknown,agent_lycaon,agent_lycaon,true,,
frame-cv_pub_006-cv_pub_006_001-precheck-003510,D:\IKA_DATA\cv\frames_precheck\cv_pub_006_cv_pub_006_001_precheck_f003510.jpg,precheck,EN,1080p,agent_anby,unknown,unknown,true,,
frame-cv_pub_006-cv_pub_006_001-precheck-003780,D:\IKA_DATA\cv\frames_precheck\cv_pub_006_cv_pub_006_001_precheck_f003780.jpg,precheck,EN,1080p,agent_nicole,unknown,agent_nicole,true,,
frame-cv_pub_006-cv_pub_006_001-precheck-003870,D:\IKA_DATA\cv\frames_precheck\cv_pub_006_cv_pub_006_001_precheck_f003870.jpg,precheck,EN,1080p,agent_nicole,unknown,agent_lycaon,true,,
frame-cv_pub_006-cv_pub_006_001-precheck-003900,D:\IKA_DATA\cv\frames_precheck\cv_pub_006_cv_pub_006_001_precheck_f003900.jpg,precheck,EN,1080p,unknown,unknown,agent_lycaon,true,,
frame-cv_pub_006-cv_pub_006_001-precheck-004575,D:\IKA_DATA\cv\frames_precheck\cv_pub_006_cv_pub_006_001_precheck_f004575.jpg,precheck,EN,1080p,unknown,agent_vivian,agent_lycaon,true,,
frame-cv_pub_006-cv_pub_006_001-precheck-005670,D:\IKA_DATA\cv\frames_precheck\cv_pub_006_cv_pub_006_001_precheck_f005670.jpg,precheck,EN,1080p,agent_anby,agent_lycaon,unknown,true,,
frame-cv_pub_006-cv_pub_006_001-precheck-006600,D:\IKA_DATA\cv\frames_precheck\cv_pub_006_cv_pub_006_001_precheck_f006600.jpg,precheck,EN,1080p,agent_anby,agent_nicole,unknown,true,,
frame-cv_pub_007-cv_pub_007_001-precheck-000630,D:\IKA_DATA\cv\frames_precheck\cv_pub_007_cv_pub_007_001_precheck_f000630.jpg,precheck,EN,1080p,agent_nicole,agent_nicole,unknown,true,,
frame-cv_pub_007-cv_pub_007_001-precheck-001320,D:\IKA_DATA\cv\frames_precheck\cv_pub_007_cv_pub_007_001_precheck_f001320.jpg,precheck,EN,1080p,unknown,unknown,unknown,true,,
frame-cv_pub_007-cv_pub_007_001-precheck-002820,D:\IKA_DATA\cv\frames_precheck\cv_pub_007_cv_pub_007_001_precheck_f002820.jpg,precheck,EN,1080p,unknown,unknown,unknown,true,,
frame-cv_pub_007-cv_pub_007_001-precheck-002985,D:\IKA_DATA\cv\frames_precheck\cv_pub_007_cv_pub_007_001_precheck_f002985.jpg,precheck,EN,1080p,unknown,unknown,unknown,true,,
frame-cv_pub_007-cv_pub_007_001-precheck-003030,D:\IKA_DATA\cv\frames_precheck\cv_pub_007_cv_pub_007_001_precheck_f003030.jpg,precheck,EN,1080p,unknown,agent_lycaon,unknown,true,,
frame-cv_pub_007-cv_pub_007_001-precheck-003135,D:\IKA_DATA\cv\frames_precheck\cv_pub_007_cv_pub_007_001_precheck_f003135.jpg,precheck,EN,1080p,unknown,unknown,agent_nicole,true,,
frame-cv_pub_007-cv_pub_007_001-precheck-003555,D:\IKA_DATA\cv\frames_precheck\cv_pub_007_cv_pub_007_001_precheck_f003555.jpg,precheck,EN,1080p,agent_anby,agent_lycaon,unknown,true,,
frame-cv_pub_007-cv_pub_007_001-precheck-004050,D:\IKA_DATA\cv\frames_precheck\cv_pub_007_cv_pub_007_001_precheck_f004050.jpg,precheck,EN,1080p,agent_nicole,agent_nicole,unknown,true,,
frame-cv_pub_007-cv_pub_007_001-precheck-004530,D:\IKA_DATA\cv\frames_precheck\cv_pub_007_cv_pub_007_001_precheck_f004530.jpg,precheck,EN,1080p,agent_anby,agent_nicole,unknown,true,,
frame-cv_pub_007-cv_pub_007_001-precheck-004860,D:\IKA_DATA\cv\frames_precheck\cv_pub_007_cv_pub_007_001_precheck_f004860.jpg,precheck,EN,1080p,agent_anby,agent_vivian,unknown,true,,
frame-cv_pub_007-cv_pub_007_001-precheck-004950,D:\IKA_DATA\cv\frames_precheck\cv_pub_007_cv_pub_007_001_precheck_f004950.jpg,precheck,EN,1080p,agent_anby,unknown,agent_lycaon,true,,
frame-cv_pub_008-cv_pub_008_001-precheck-001710,D:\IKA_DATA\cv\frames_precheck\cv_pub_008_cv_pub_008_001_precheck_f001710.jpg,precheck,RU,1440p,agent_nicole,agent_nicole,unknown,true,,
frame-cv_pub_008-cv_pub_008_001-precheck-002310,D:\IKA_DATA\cv\frames_precheck\cv_pub_008_cv_pub_008_001_precheck_f002310.jpg,precheck,RU,1440p,agent_nicole,unknown,agent_lycaon,true,,
frame-cv_pub_008-cv_pub_008_001-precheck-002685,D:\IKA_DATA\cv\frames_precheck\cv_pub_008_cv_pub_008_001_precheck_f002685.jpg,precheck,RU,1440p,agent_nicole,unknown,unknown,true,,
frame-cv_pub_008-cv_pub_008_001-precheck-003150,D:\IKA_DATA\cv\frames_precheck\cv_pub_008_cv_pub_008_001_precheck_f003150.jpg,precheck,RU,1440p,agent_nicole,unknown,unknown,true,,
frame-cv_pub_008-cv_pub_008_001-precheck-003180,D:\IKA_DATA\cv\frames_precheck\cv_pub_008_cv_pub_008_001_precheck_f003180.jpg,precheck,RU,1440p,agent_lycaon,agent_lycaon,unknown,true,,
frame-cv_pub_008-cv_pub_008_001-precheck-004425,D:\IKA_DATA\cv\frames_precheck\cv_pub_008_cv_pub_008_001_precheck_f004425.jpg,precheck,RU,1440p,agent_nicole,agent_lycaon,unknown,true,,
frame-cv_pub_008-cv_pub_008_001-precheck-005640,D:\IKA_DATA\cv\frames_precheck\cv_pub_008_cv_pub_008_001_precheck_f005640.jpg,precheck,RU,1440p,agent_nicole,agent_lycaon,unknown,true,,
frame-cv_pub_001-cv_pub_001_001-inrun-000630,D:\IKA_DATA\cv\frames_inrun\cv_pub_001_cv_pub_001_001_inrun_f000630.jpg,inrun,EN,1080p,agent_koleda,unknown,unknown,true,,
frame-cv_pub_001-cv_pub_001_001-inrun-004530,D:\IKA_DATA\cv\frames_inrun\cv_pub_001_cv_pub_001_001_inrun_f004530.jpg,inrun,EN,1080p,agent_anby,unknown,unknown,true,,
frame-cv_pub_002-cv_pub_002_001-inrun-000480,D:\IKA_DATA\cv\frames_inrun\cv_pub_002_cv_pub_002_001_inrun_f000480.jpg,inrun,EN,1080p,agent_koleda,agent_vivian,unknown,true,,
frame-cv_pub_002-cv_pub_002_001-inrun-000510,D:\IKA_DATA\cv\frames_inrun\cv_pub_002_cv_pub_002_001_inrun_f000510.jpg,inrun,EN,1080p,unknown,agent_vivian,agent_anby,true,,
frame-cv_pub_002-cv_pub_002_001-inrun-000810,D:\IKA_DATA\cv\frames_inrun\cv_pub_002_cv_pub_002_001_inrun_f000810.jpg,inrun,EN,1080p,agent_lycaon,unknown,agent_anby,true,,
frame-cv_pub_002-cv_pub_002_001-inrun-000990,D:\IKA_DATA\cv\frames_inrun\cv_pub_002_cv_pub_002_001_inrun_f000990.jpg,inrun,EN,1080p,agent_lycaon,unknown,agent_anby,true,,
frame-cv_pub_002-cv_pub_002_001-inrun-001290,D:\IKA_DATA\cv\frames_inrun\cv_pub_002_cv_pub_002_001_inrun_f001290.jpg,inrun,EN,1080p,agent_lycaon,unknown,agent_anby,true,,
frame-cv_pub_002-cv_pub_002_001-inrun-002100,D:\IKA_DATA\cv\frames_inrun\cv_pub_002_cv_pub_002_001_inrun_f002100.jpg,inrun,EN,1080p,agent_nicole,unknown,agent_anby,true,,
frame-cv_pub_002-cv_pub_002_001-inrun-002700,D:\IKA_DATA\cv\frames_inrun\cv_pub_002_cv_pub_002_001_inrun_f002700.jpg,inrun,EN,1080p,agent_anby,unknown,agent_anby,true,,
frame-cv_pub_002-cv_pub_002_001-inrun-004080,D:\IKA_DATA\cv\frames_inrun\cv_pub_002_cv_pub_002_001_inrun_f004080.jpg,inrun,EN,1080p,agent_lycaon,agent_nicole,unknown,true,,
frame-cv_pub_002-cv_pub_002_001-inrun-004470,D:\IKA_DATA\cv\frames_inrun\cv_pub_002_cv_pub_002_001_inrun_f004470.jpg,inrun,EN,1080p,agent_nicole,agent_lycaon,unknown,true,,
frame-cv_pub_002-cv_pub_002_001-inrun-004530,D:\IKA_DATA\cv\frames_inrun\cv_pub_002_cv_pub_002_001_inrun_f004530.jpg,inrun,EN,1080p,agent_lycaon,agent_lycaon,unknown,true,,
frame-cv_pub_002-cv_pub_002_001-inrun-004770,D:\IKA_DATA\cv\frames_inrun\cv_pub_002_cv_pub_002_001_inrun_f004770.jpg,inrun,EN,1080p,agent_lycaon,agent_lycaon,unknown,true,,
frame-cv_pub_002-cv_pub_002_001-inrun-005970,D:\IKA_DATA\cv\frames_inrun\cv_pub_002_cv_pub_002_001_inrun_f005970.jpg,inrun,EN,1080p,unknown,unknown,unknown,true,,
frame-cv_pub_003-cv_pub_003_001-inrun-000900,D:\IKA_DATA\cv\frames_inrun\cv_pub_003_cv_pub_003_001_inrun_f000900.jpg,inrun,EN,1440p,unknown,agent_vivian,agent_anby,true,,
frame-cv_pub_003-cv_pub_003_001-inrun-000990,D:\IKA_DATA\cv\frames_inrun\cv_pub_003_cv_pub_003_001_inrun_f000990.jpg,inrun,EN,1440p,agent_nicole,agent_nicole,unknown,true,,
frame-cv_pub_003-cv_pub_003_001-inrun-001770,D:\IKA_DATA\cv\frames_inrun\cv_pub_003_cv_pub_003_001_inrun_f001770.jpg,inrun,EN,1440p,agent_nicole,unknown,agent_anby,true,,
frame-cv_pub_003-cv_pub_003_001-inrun-002010,D:\IKA_DATA\cv\frames_inrun\cv_pub_003_cv_pub_003_001_inrun_f002010.jpg,inrun,EN,1440p,agent_lycaon,unknown,agent_anby,true,,
frame-cv_pub_003-cv_pub_003_001-inrun-002040,D:\IKA_DATA\cv\frames_inrun\cv_pub_003_cv_pub_003_001_inrun_f002040.jpg,inrun,EN,1440p,agent_lycaon,agent_lycaon,unknown,true,,
frame-cv_pub_003-cv_pub_003_001-inrun-002250,D:\IKA_DATA\cv\frames_inrun\cv_pub_003_cv_pub_003_001_inrun_f002250.jpg,inrun,EN,1440p,agent_lycaon,agent_nicole,unknown,true,,
frame-cv_pub_003-cv_pub_003_001-inrun-002310,D:\IKA_DATA\cv\frames_inrun\cv_pub_003_cv_pub_003_001_inrun_f002310.jpg,inrun,EN,1440p,agent_nicole,agent_nicole,unknown,true,,
frame-cv_pub_003-cv_pub_003_001-inrun-002670,D:\IKA_DATA\cv\frames_inrun\cv_pub_003_cv_pub_003_001_inrun_f002670.jpg,inrun,EN,1440p,agent_nicole,agent_lycaon,unknown,true,,
frame-cv_pub_003-cv_pub_003_001-inrun-002730,D:\IKA_DATA\cv\frames_inrun\cv_pub_003_cv_pub_003_001_inrun_f002730.jpg,inrun,EN,1440p,agent_lycaon,agent_lycaon,unknown,true,,
frame-cv_pub_003-cv_pub_003_001-inrun-002790,D:\IKA_DATA\cv\frames_inrun\cv_pub_003_cv_pub_003_001_inrun_f002790.jpg,inrun,EN,1440p,agent_lycaon,agent_nicole,unknown,true,,
frame-cv_pub_003-cv_pub_003_001-inrun-002970,D:\IKA_DATA\cv\frames_inrun\cv_pub_003_cv_pub_003_001_inrun_f002970.jpg,inrun,EN,1440p,agent_lycaon,agent_lycaon,unknown,true,,
frame-cv_pub_003-cv_pub_003_001-inrun-003390,D:\IKA_DATA\cv\frames_inrun\cv_pub_003_cv_pub_003_001_inrun_f003390.jpg,inrun,EN,1440p,agent_lycaon,unknown,unknown,true,,
frame-cv_pub_003-cv_pub_003_001-inrun-003570,D:\IKA_DATA\cv\frames_inrun\cv_pub_003_cv_pub_003_001_inrun_f003570.jpg,inrun,EN,1440p,unknown,agent_lycaon,unknown,true,,
frame-cv_pub_003-cv_pub_003_001-inrun-003630,D:\IKA_DATA\cv\frames_inrun\cv_pub_003_cv_pub_003_001_inrun_f003630.jpg,inrun,EN,1440p,agent_lycaon,agent_lycaon,unknown,true,,
frame-cv_pub_003-cv_pub_003_001-inrun-003720,D:\IKA_DATA\cv\frames_inrun\cv_pub_003_cv_pub_003_001_inrun_f003720.jpg,inrun,EN,1440p,agent_lycaon,unknown,unknown,true,,
frame-cv_pub_003-cv_pub_003_001-inrun-005670,D:\IKA_DATA\cv\frames_inrun\cv_pub_003_cv_pub_003_001_inrun_f005670.jpg,inrun,EN,1440p,unknown,agent_nicole,agent_anby,true,,
frame-cv_pub_003-cv_pub_003_001-inrun-005850,D:\IKA_DATA\cv\frames_inrun\cv_pub_003_cv_pub_003_001_inrun_f005850.jpg,inrun,EN,1440p,agent_lycaon,agent_lycaon,unknown,true,,
frame-cv_pub_003-cv_pub_003_001-inrun-006780,D:\IKA_DATA\cv\frames_inrun\cv_pub_003_cv_pub_003_001_inrun_f006780.jpg,inrun,EN,1440p,agent_lycaon,agent_nicole,unknown,true,,
frame-cv_pub_003-cv_pub_003_001-inrun-007140,D:\IKA_DATA\cv\frames_inrun\cv_pub_003_cv_pub_003_001_inrun_f007140.jpg,inrun,EN,1440p,unknown,agent_lycaon,unknown,true,,
frame-cv_pub_003-cv_pub_003_001-inrun-007170,D:\IKA_DATA\cv\frames_inrun\cv_pub_003_cv_pub_003_001_inrun_f007170.jpg,inrun,EN,1440p,unknown,unknown,agent_anby,true,,
frame-cv_pub_003-cv_pub_003_001-inrun-007410,D:\IKA_DATA\cv\frames_inrun\cv_pub_003_cv_pub_003_001_inrun_f007410.jpg,inrun,EN,1440p,agent_anby,unknown,agent_anby,true,,
frame-cv_pub_004-cv_pub_004_001-inrun-000060,D:\IKA_DATA\cv\frames_inrun\cv_pub_004_cv_pub_004_001_inrun_f000060.jpg,inrun,RU,1080p,unknown,unknown,agent_anby,true,,
frame-cv_pub_004-cv_pub_004_001-inrun-001530,D:\IKA_DATA\cv\frames_inrun\cv_pub_004_cv_pub_004_001_inrun_f001530.jpg,inrun,RU,1080p,agent_lycaon,unknown,agent_anby,true,,
frame-cv_pub_004-cv_pub_004_001-inrun-002940,D:\IKA_DATA\cv\frames_inrun\cv_pub_004_cv_pub_004_001_inrun_f002940.jpg,inrun,RU,1080p,unknown,unknown,agent_anby,true,,
frame-cv_pub_004-cv_pub_004_001-inrun-003120,D:\IKA_DATA\cv\frames_inrun\cv_pub_004_cv_pub_004_001_inrun_f003120.jpg,inrun,RU,1080p,unknown,agent_nicole,agent_anby,true,,
frame-cv_pub_004-cv_pub_004_001-inrun-003570,D:\IKA_DATA\cv\frames_inrun\cv_pub_004_cv_pub_004_001_inrun_f003570.jpg,inrun,RU,1080p,agent_lycaon,unknown,agent_anby,true,,
frame-cv_pub_004-cv_pub_004_001-inrun-003690,D:\IKA_DATA\cv\frames_inrun\cv_pub_004_cv_pub_004_001_inrun_f003690.jpg,inrun,RU,1080p,agent_nicole,unknown,agent_anby,true,,
frame-cv_pub_004-cv_pub_004_001-inrun-003750,D:\IKA_DATA\cv\frames_inrun\cv_pub_004_cv_pub_004_001_inrun_f003750.jpg,inrun,RU,1080p,unknown,agent_lycaon,unknown,true,,
frame-cv_pub_004-cv_pub_004_001-inrun-003810,D:\IKA_DATA\cv\frames_inrun\cv_pub_004_cv_pub_004_001_inrun_f003810.jpg,inrun,RU,1080p,unknown,unknown,agent_anby,true,,
frame-cv_pub_004-cv_pub_004_001-inrun-004140,D:\IKA_DATA\cv\frames_inrun\cv_pub_004_cv_pub_004_001_inrun_f004140.jpg,inrun,RU,1080p,agent_lycaon,unknown,agent_anby,true,,
frame-cv_pub_004-cv_pub_004_001-inrun-005670,D:\IKA_DATA\cv\frames_inrun\cv_pub_004_cv_pub_004_001_inrun_f005670.jpg,inrun,RU,1080p,agent_lycaon,unknown,agent_anby,true,,
frame-cv_pub_004-cv_pub_004_001-inrun-005730,D:\IKA_DATA\cv\frames_inrun\cv_pub_004_cv_pub_004_001_inrun_f005730.jpg,inrun,RU,1080p,unknown,agent_lycaon,agent_anby,true,,
frame-cv_pub_004-cv_pub_004_001-inrun-005760,D:\IKA_DATA\cv\frames_inrun\cv_pub_004_cv_pub_004_001_inrun_f005760.jpg,inrun,RU,1080p,unknown,unknown,agent_anby,true,,
frame-cv_pub_004-cv_pub_004_001-inrun-005820,D:\IKA_DATA\cv\frames_inrun\cv_pub_004_cv_pub_004_001_inrun_f005820.jpg,inrun,RU,1080p,agent_lycaon,agent_vivian,unknown,true,,
frame-cv_pub_004-cv_pub_004_001-inrun-005880,D:\IKA_DATA\cv\frames_inrun\cv_pub_004_cv_pub_004_001_inrun_f005880.jpg,inrun,RU,1080p,agent_nicole,unknown,agent_anby,true,,
frame-cv_pub_004-cv_pub_004_001-inrun-005940,D:\IKA_DATA\cv\frames_inrun\cv_pub_004_cv_pub_004_001_inrun_f005940.jpg,inrun,RU,1080p,agent_lycaon,unknown,agent_anby,true,,
frame-cv_pub_004-cv_pub_004_001-inrun-006210,D:\IKA_DATA\cv\frames_inrun\cv_pub_004_cv_pub_004_001_inrun_f006210.jpg,inrun,RU,1080p,agent_vivian,unknown,unknown,true,,
frame-cv_pub_004-cv_pub_004_001-inrun-006690,D:\IKA_DATA\cv\frames_inrun\cv_pub_004_cv_pub_004_001_inrun_f006690.jpg,inrun,RU,1080p,agent_nicole,unknown,agent_anby,true,,
frame-cv_pub_004-cv_pub_004_001-inrun-006750,D:\IKA_DATA\cv\frames_inrun\cv_pub_004_cv_pub_004_001_inrun_f006750.jpg,inrun,RU,1080p,agent_lycaon,agent_lycaon,unknown,true,,
frame-cv_pub_004-cv_pub_004_001-inrun-006810,D:\IKA_DATA\cv\frames_inrun\cv_pub_004_cv_pub_004_001_inrun_f006810.jpg,inrun,RU,1080p,agent_nicole,unknown,agent_anby,true,,
frame-cv_pub_004-cv_pub_004_001-inrun-007320,D:\IKA_DATA\cv\frames_inrun\cv_pub_004_cv_pub_004_001_inrun_f007320.jpg,inrun,RU,1080p,agent_lycaon,unknown,unknown,true,,
frame-cv_pub_004-cv_pub_004_001-inrun-007950,D:\IKA_DATA\cv\frames_inrun\cv_pub_004_cv_pub_004_001_inrun_f007950.jpg,inrun,RU,1080p,unknown,agent_nicole,unknown,true,,
frame-cv_pub_004-cv_pub_004_001-inrun-008220,D:\IKA_DATA\cv\frames_inrun\cv_pub_004_cv_pub_004_001_inrun_f008220.jpg,inrun,RU,1080p,unknown,agent_vivian,unknown,true,,
frame-cv_pub_004-cv_pub_004_001-inrun-008430,D:\IKA_DATA\cv\frames_inrun\cv_pub_004_cv_pub_004_001_inrun_f008430.jpg,inrun,RU,1080p,agent_koleda,unknown,unknown,true,,
frame-cv_pub_004-cv_pub_004_001-inrun-008640,D:\IKA_DATA\cv\frames_inrun\cv_pub_004_cv_pub_004_001_inrun_f008640.jpg,inrun,RU,1080p,agent_lycaon,unknown,agent_anby,true,,
frame-cv_pub_004-cv_pub_004_001-inrun-009360,D:\IKA_DATA\cv\frames_inrun\cv_pub_004_cv_pub_004_001_inrun_f009360.jpg,inrun,RU,1080p,unknown,agent_anby,unknown,true,,
frame-cv_pub_005-cv_pub_005_001-inrun-002430,D:\IKA_DATA\cv\frames_inrun\cv_pub_005_cv_pub_005_001_inrun_f002430.jpg,inrun,RU,1080p,agent_nicole,unknown,unknown,true,,
frame-cv_pub_005-cv_pub_005_001-inrun-003210,D:\IKA_DATA\cv\frames_inrun\cv_pub_005_cv_pub_005_001_inrun_f003210.jpg,inrun,RU,1080p,unknown,agent_koleda,agent_anby,true,,
frame-cv_pub_005-cv_pub_005_001-inrun-003360,D:\IKA_DATA\cv\frames_inrun\cv_pub_005_cv_pub_005_001_inrun_f003360.jpg,inrun,RU,1080p,agent_nicole,unknown,agent_anby,true,,
frame-cv_pub_005-cv_pub_005_001-inrun-004470,D:\IKA_DATA\cv\frames_inrun\cv_pub_005_cv_pub_005_001_inrun_f004470.jpg,inrun,RU,1080p,agent_lycaon,agent_lycaon,unknown,true,,
frame-cv_pub_005-cv_pub_005_001-inrun-004560,D:\IKA_DATA\cv\frames_inrun\cv_pub_005_cv_pub_005_001_inrun_f004560.jpg,inrun,RU,1080p,agent_nicole,agent_nicole,unknown,true,,
frame-cv_pub_005-cv_pub_005_001-inrun-004710,D:\IKA_DATA\cv\frames_inrun\cv_pub_005_cv_pub_005_001_inrun_f004710.jpg,inrun,RU,1080p,agent_lycaon,unknown,unknown,true,,
frame-cv_pub_005-cv_pub_005_001-inrun-004740,D:\IKA_DATA\cv\frames_inrun\cv_pub_005_cv_pub_005_001_inrun_f004740.jpg,inrun,RU,1080p,agent_nicole,unknown,agent_anby,true,,
frame-cv_pub_005-cv_pub_005_001-inrun-004770,D:\IKA_DATA\cv\frames_inrun\cv_pub_005_cv_pub_005_001_inrun_f004770.jpg,inrun,RU,1080p,agent_lycaon,agent_lycaon,unknown,true,,
frame-cv_pub_005-cv_pub_005_001-inrun-004830,D:\IKA_DATA\cv\frames_inrun\cv_pub_005_cv_pub_005_001_inrun_f004830.jpg,inrun,RU,1080p,agent_lycaon,agent_koleda,unknown,true,,
frame-cv_pub_005-cv_pub_005_001-inrun-004920,D:\IKA_DATA\cv\frames_inrun\cv_pub_005_cv_pub_005_001_inrun_f004920.jpg,inrun,RU,1080p,unknown,unknown,agent_anby,true,,
frame-cv_pub_005-cv_pub_005_001-inrun-005070,D:\IKA_DATA\cv\frames_inrun\cv_pub_005_cv_pub_005_001_inrun_f005070.jpg,inrun,RU,1080p,agent_lycaon,agent_lycaon,unknown,true,,
frame-cv_pub_005-cv_pub_005_001-inrun-005100,D:\IKA_DATA\cv\frames_inrun\cv_pub_005_cv_pub_005_001_inrun_f005100.jpg,inrun,RU,1080p,agent_lycaon,unknown,agent_anby,true,,
frame-cv_pub_005-cv_pub_005_001-inrun-005280,D:\IKA_DATA\cv\frames_inrun\cv_pub_005_cv_pub_005_001_inrun_f005280.jpg,inrun,RU,1080p,unknown,agent_nicole,agent_anby,true,,
frame-cv_pub_005-cv_pub_005_001-inrun-005970,D:\IKA_DATA\cv\frames_inrun\cv_pub_005_cv_pub_005_001_inrun_f005970.jpg,inrun,RU,1080p,agent_lycaon,agent_nicole,unknown,true,,
frame-cv_pub_005-cv_pub_005_001-inrun-006030,D:\IKA_DATA\cv\frames_inrun\cv_pub_005_cv_pub_005_001_inrun_f006030.jpg,inrun,RU,1080p,agent_nicole,unknown,agent_anby,true,,
frame-cv_pub_005-cv_pub_005_001-inrun-006510,D:\IKA_DATA\cv\frames_inrun\cv_pub_005_cv_pub_005_001_inrun_f006510.jpg,inrun,RU,1080p,agent_lycaon,unknown,agent_anby,true,,
frame-cv_pub_006-cv_pub_006_001-inrun-001080,D:\IKA_DATA\cv\frames_inrun\cv_pub_006_cv_pub_006_001_inrun_f001080.jpg,inrun,EN,1080p,agent_lycaon,unknown,agent_vivian,true,,
frame-cv_pub_006-cv_pub_006_001-inrun-001650,D:\IKA_DATA\cv\frames_inrun\cv_pub_006_cv_pub_006_001_inrun_f001650.jpg,inrun,EN,1080p,agent_lycaon,agent_lycaon,unknown,true,,
frame-cv_pub_006-cv_pub_006_001-inrun-001800,D:\IKA_DATA\cv\frames_inrun\cv_pub_006_cv_pub_006_001_inrun_f001800.jpg,inrun,EN,1080p,agent_lycaon,unknown,unknown,true,,
frame-cv_pub_006-cv_pub_006_001-inrun-002040,D:\IKA_DATA\cv\frames_inrun\cv_pub_006_cv_pub_006_001_inrun_f002040.jpg,inrun,EN,1080p,agent_nicole,agent_lycaon,unknown,true,,
frame-cv_pub_006-cv_pub_006_001-inrun-002670,D:\IKA_DATA\cv\frames_inrun\cv_pub_006_cv_pub_006_001_inrun_f002670.jpg,inrun,EN,1080p,agent_lycaon,agent_vivian,unknown,true,,
frame-cv_pub_006-cv_pub_006_001-inrun-002730,D:\IKA_DATA\cv\frames_inrun\cv_pub_006_cv_pub_006_001_inrun_f002730.jpg,inrun,EN,1080p,agent_nicole,unknown,unknown,true,,
frame-cv_pub_006-cv_pub_006_001-inrun-002850,D:\IKA_DATA\cv\frames_inrun\cv_pub_006_cv_pub_006_001_inrun_f002850.jpg,inrun,EN,1080p,agent_lycaon,unknown,unknown,true,,
frame-cv_pub_006-cv_pub_006_001-inrun-002910,D:\IKA_DATA\cv\frames_inrun\cv_pub_006_cv_pub_006_001_inrun_f002910.jpg,inrun,EN,1080p,agent_lycaon,unknown,unknown,true,,
frame-cv_pub_006-cv_pub_006_001-inrun-002940,D:\IKA_DATA\cv\frames_inrun\cv_pub_006_cv_pub_006_001_inrun_f002940.jpg,inrun,EN,1080p,agent_nicole,agent_nicole,unknown,true,,
frame-cv_pub_006-cv_pub_006_001-inrun-003930,D:\IKA_DATA\cv\frames_inrun\cv_pub_006_cv_pub_006_001_inrun_f003930.jpg,inrun,EN,1080p,agent_nicole,agent_nicole,unknown,true,,
frame-cv_pub_006-cv_pub_006_001-inrun-004140,D:\IKA_DATA\cv\frames_inrun\cv_pub_006_cv_pub_006_001_inrun_f004140.jpg,inrun,EN,1080p,agent_lycaon,unknown,unknown,true,,
frame-cv_pub_006-cv_pub_006_001-inrun-004230,D:\IKA_DATA\cv\frames_inrun\cv_pub_006_cv_pub_006_001_inrun_f004230.jpg,inrun,EN,1080p,agent_nicole,agent_lycaon,unknown,true,,
frame-cv_pub_006-cv_pub_006_001-inrun-005940,D:\IKA_DATA\cv\frames_inrun\cv_pub_006_cv_pub_006_001_inrun_f005940.jpg,inrun,EN,1080p,agent_nicole,agent_lycaon,unknown,true,,
frame-cv_pub_006-cv_pub_006_001-inrun-006090,D:\IKA_DATA\cv\frames_inrun\cv_pub_006_cv_pub_006_001_inrun_f006090.jpg,inrun,EN,1080p,unknown,agent_vivian,agent_anby,true,,
frame-cv_pub_007-cv_pub_007_001-inrun-000630,D:\IKA_DATA\cv\frames_inrun\cv_pub_007_cv_pub_007_001_inrun_f000630.jpg,inrun,EN,1080p,agent_lycaon,unknown,agent_anby,true,,
frame-cv_pub_007-cv_pub_007_001-inrun-000720,D:\IKA_DATA\cv\frames_inrun\cv_pub_007_cv_pub_007_001_inrun_f000720.jpg,inrun,EN,1080p,unknown,unknown,unknown,true,,
frame-cv_pub_007-cv_pub_007_001-inrun-002820,D:\IKA_DATA\cv\frames_inrun\cv_pub_007_cv_pub_007_001_inrun_f002820.jpg,inrun,EN,1080p,unknown,agent_nicole,unknown,true,,
frame-cv_pub_007-cv_pub_007_001-inrun-003000,D:\IKA_DATA\cv\frames_inrun\cv_pub_007_cv_pub_007_001_inrun_f003000.jpg,inrun,EN,1080p,unknown,agent_nicole,agent_anby,true,,
frame-cv_pub_007-cv_pub_007_001-inrun-003030,D:\IKA_DATA\cv\frames_inrun\cv_pub_007_cv_pub_007_001_inrun_f003030.jpg,inrun,EN,1080p,agent_lycaon,agent_koleda,unknown,true,,
frame-cv_pub_007-cv_pub_007_001-inrun-003150,D:\IKA_DATA\cv\frames_inrun\cv_pub_007_cv_pub_007_001_inrun_f003150.jpg,inrun,EN,1080p,agent_nicole,unknown,unknown,true,,
frame-cv_pub_007-cv_pub_007_001-inrun-003390,D:\IKA_DATA\cv\frames_inrun\cv_pub_007_cv_pub_007_001_inrun_f003390.jpg,inrun,EN,1080p,agent_lycaon,unknown,agent_anby,true,,
frame-cv_pub_007-cv_pub_007_001-inrun-003690,D:\IKA_DATA\cv\frames_inrun\cv_pub_007_cv_pub_007_001_inrun_f003690.jpg,inrun,EN,1080p,agent_lycaon,unknown,agent_anby,true,,
frame-cv_pub_007-cv_pub_007_001-inrun-003780,D:\IKA_DATA\cv\frames_inrun\cv_pub_007_cv_pub_007_001_inrun_f003780.jpg,inrun,EN,1080p,agent_lycaon,agent_lycaon,unknown,true,,
frame-cv_pub_007-cv_pub_007_001-inrun-003960,D:\IKA_DATA\cv\frames_inrun\cv_pub_007_cv_pub_007_001_inrun_f003960.jpg,inrun,EN,1080p,agent_lycaon,agent_lycaon,unknown,true,,
frame-cv_pub_007-cv_pub_007_001-inrun-004830,D:\IKA_DATA\cv\frames_inrun\cv_pub_007_cv_pub_007_001_inrun_f004830.jpg,inrun,EN,1080p,agent_lycaon,unknown,agent_anby,true,,
frame-cv_pub_007-cv_pub_007_001-inrun-004980,D:\IKA_DATA\cv\frames_inrun\cv_pub_007_cv_pub_007_001_inrun_f004980.jpg,inrun,EN,1080p,agent_lycaon,agent_lycaon,unknown,true,,
frame-cv_pub_007-cv_pub_007_001-inrun-005220,D:\IKA_DATA\cv\frames_inrun\cv_pub_007_cv_pub_007_001_inrun_f005220.jpg,inrun,EN,1080p,agent_nicole,unknown,agent_anby,true,,
frame-cv_pub_007-cv_pub_007_001-inrun-005730,D:\IKA_DATA\cv\frames_inrun\cv_pub_007_cv_pub_007_001_inrun_f005730.jpg,inrun,EN,1080p,agent_nicole,unknown,agent_anby,true,,
frame-cv_pub_008-cv_pub_008_001-inrun-001050,D:\IKA_DATA\cv\frames_inrun\cv_pub_008_cv_pub_008_001_inrun_f001050.jpg,inrun,RU,1440p,agent_lycaon,agent_vivian,unknown,true,,
frame-cv_pub_008-cv_pub_008_001-inrun-001080,D:\IKA_DATA\cv\frames_inrun\cv_pub_008_cv_pub_008_001_inrun_f001080.jpg,inrun,RU,1440p,agent_lycaon,agent_koleda,unknown,true,,
frame-cv_pub_008-cv_pub_008_001-inrun-001650,D:\IKA_DATA\cv\frames_inrun\cv_pub_008_cv_pub_008_001_inrun_f001650.jpg,inrun,RU,1440p,agent_lycaon,agent_nicole,unknown,true,,
frame-cv_pub_008-cv_pub_008_001-inrun-001830,D:\IKA_DATA\cv\frames_inrun\cv_pub_008_cv_pub_008_001_inrun_f001830.jpg,inrun,RU,1440p,agent_lycaon,agent_lycaon,unknown,true,,
frame-cv_pub_008-cv_pub_008_001-inrun-002490,D:\IKA_DATA\cv\frames_inrun\cv_pub_008_cv_pub_008_001_inrun_f002490.jpg,inrun,RU,1440p,unknown,agent_lycaon,agent_anby,true,,
frame-cv_pub_008-cv_pub_008_001-inrun-003450,D:\IKA_DATA\cv\frames_inrun\cv_pub_008_cv_pub_008_001_inrun_f003450.jpg,inrun,RU,1440p,agent_lycaon,unknown,unknown,true,,
frame-cv_pub_008-cv_pub_008_001-inrun-003570,D:\IKA_DATA\cv\frames_inrun\cv_pub_008_cv_pub_008_001_inrun_f003570.jpg,inrun,RU,1440p,agent_lycaon,agent_lycaon,unknown,true,,
frame-cv_pub_008-cv_pub_008_001-inrun-003690,D:\IKA_DATA\cv\frames_inrun\cv_pub_008_cv_pub_008_001_inrun_f003690.jpg,inrun,RU,1440p,agent_nicole,agent_lycaon,unknown,true,,
frame-cv_pub_008-cv_pub_008_001-inrun-003780,D:\IKA_DATA\cv\frames_inrun\cv_pub_008_cv_pub_008_001_inrun_f003780.jpg,inrun,RU,1440p,agent_nicole,unknown,agent_anby,true,,
frame-cv_pub_008-cv_pub_008_001-inrun-003960,D:\IKA_DATA\cv\frames_inrun\cv_pub_008_cv_pub_008_001_inrun_f003960.jpg,inrun,RU,1440p,unknown,agent_lycaon,unknown,true,,
